Data,Competição,Partida,Local,Marcador,Adversário,Titular,Parte do Corpo,Distância da Finalização,Minuto,Placar Antes do Gol,Goleiro Adversário,Assistência,Início de Jogada p/ Gol,Tipo,Pré-Ação de Gol,Tipo,Observações
2024-08-14,Super Copa da Uefa,Final da Super Copa da UEFA,Casa,Federico Valverde,Atalanta,Sim,,,59,,,Vinicius Júnior,,,,,
2024-08-14,Super Copa da Uefa,Final da Super Copa da UEFA,Casa,Kylian Mbappé,Atalanta,Sim,,,68,,,Jude Bellingham,,,,,
2024-08-18,La Liga,Rodada 1,Fora,Rodrygo,Mallorca,Sim,Perna Direita,16,13,0-0,Dominik Greif,Vinicius Júnior,Vinicius Júnior,Pass (Live),,,
2024-08-25,La Liga,Rodada 2,Casa,Federico Valverde,Valladolid,Sim,Perna Direita,28,50,0-0,Karl Jakob Hein,Rodrygo,Rodrygo,Pass (Live),Arda Güler,Pass (Dead),Deflected
2024-08-25,La Liga,Rodada 2,Casa,Brahim Díaz,Valladolid,Não,Perna Esquerda,14,88,1-0,Karl Jakob Hein,Éder Militão,Éder Militão,Pass (Live),Luka Modrić,Pass (Live),Volley
2024-08-25,La Liga,Rodada 2,Casa,Endrick,Valladolid,Não,Perna Direita,15,90+6,2-0,Karl Jakob Hein,Brahim Díaz,Brahim Díaz,Pass (Live),Dani Ceballos,Pass (Live),
2024-08-29,La Liga,Rodada 3,Fora,Vinicius Júnior,Las Palmas,Sim,Perna Direita,13,69,0-1,Jasper Cillessen,,,Fouled,Arda Güler,Chute,
2024-09-01,La Liga,Rodada 4,Casa,Kylian Mbappé,Real Betis,Sim,Perna Esquerda,10,67,0-0,Rui Silva,Federico Valverde,Federico Valverde,Pass (Live),Rodrygo,Pass (Live),
2024-09-01,La Liga,Rodada 4,Casa,Kylian Mbappé,Real Betis,Sim,Perna Direita,13,75,1-0,Rui Silva,,Vinicius Júnior,Fouled,Brahim Díaz,Pass (Live),
2024-09-14,La Liga,Rodada 5,Fora,Vinicius Júnior,Real Sociedad,Sim,Perna Direita,13,58,0-0,Álex Remiro,,Arda Güler,Chute,,,
2024-09-14,La Liga,Rodada 5,Fora,Kylian Mbappé,Real Sociedad,Sim,Perna Direita,13,75,1-0,Álex Remiro,,Vinicius Júnior,Fouled,Vinicius Júnior,Take-On,
2024-09-17,Champions League,Fase de Liga,Casa,Kylian Mbappé,Stuttgart,Sim,Perna Direita,7,46,0-0,Alexander Nübel,Rodrygo,Rodrygo,Pass (Live),Dani Carvajal,Pass (Live),
2024-09-17,Champions League,Fase de Liga,Casa,Antonio Rüdiger,Stuttgart,Sim,Cabeça,5,83,1-1,Alexander Nübel,Luka Modrić,Luka Modrić,Pass (Dead),Federico Valverde,Pass (Live),
2024-09-17,Champions League,Fase de Liga,Casa,Endrick,Stuttgart,Não,Perna Esquerda,30,90+5,2-1,Alexander Nübel,Dani Carvajal,,,,,
2024-09-21,La Liga,Rodada 6,Casa,Dani Carvajal,Espanyol,Sim,Perna Direita,2,58,0-1,Joan García,,Federico Valverde,Chute,,,
2024-09-21,La Liga,Rodada 6,Casa,Rodrygo,Espanyol,Sim,Perna Direita,9,75,1-1,Joan García,Vinicius Júnior,Vinicius Júnior,Pass (Live),Kylian Mbappé,Pass (Live),
2024-09-21,La Liga,Rodada 6,Casa,Vinicius Júnior,Espanyol,Não,Perna Esquerda,12,78,2-1,Joan García,Kylian Mbappé,Kylian Mbappé,Pass (Live),,,
2024-09-21,La Liga,Rodada 6,Casa,Kylian Mbappé,Espanyol,Sim,Perna Direita,13,90,3-1,Joan García,,Endrick,Fouled,Endrick,Take-On,
2024-09-24,La Liga,Rodada 7,Casa,Lucas Vázquez,Alavés,Sim/Capitão,Perna Esquerda,9,1,0-0,Antonio Sivera,Vinicius Júnior,Vinicius Júnior,Pass (Live),Vinicius Júnior,Take-On,
2024-09-24,La Liga,Rodada 7,Casa,Kylian Mbappé,Alavés,Sim,Perna Direita,12,40,1-0,Antonio Sivera,Jude Bellingham,Kylian Mbappé,Take-On,Jude Bellingham,Pass (Live),
2024-09-24,La Liga,Rodada 7,Casa,Rodrygo,Alavés,Sim,Perna Direita,12,48,2-0,Antonio Sivera,Lucas Vázquez,Rodrygo,Take-On,Lucas Vázquez,Pass (Live),
2024-09-29,La Liga,Rodada 8,Fora,Éder Militão,Atlético Madrid,Sim,Perna Direita,12,64,0-0,Jan Oblak,Vinicius Júnior,Vinicius Júnior,Pass (Live),Luka Modrić,Pass (Dead),Deflected
2024-10-05,La Liga,Rodada 9,Casa,Federico Valverde,Villarreal,Sim,Perna Direita,29,14,0-0,Diego Conde,Luka Modrić,Luka Modrić,Pass (Dead),Dani Carvajal,Pass (Dead),Deflected
2024-10-05,La Liga,Rodada 9,Casa,Vinicius Júnior,Villarreal,Sim,Perna Direita,28,73,1-0,Diego Conde,Federico Valverde,Federico Valverde,Pass (Live),Dani Carvajal,Pass (Live),
2024-10-19,La Liga,Rodada 10,Fora,Kylian Mbappé,Celta Vigo,Sim,Perna Direita,30,20,0-0,Vicente Guaita,Eduardo Camavinga,,,,,
2024-10-19,La Liga,Rodada 10,Fora,Vinicius Júnior,Celta Vigo,Sim,Perna Direita,10,66,1-1,Vicente Guaita,Luka Modrić,Luka Modrić,Pass (Live),Rodrygo,Pass (Live),
2024-10-22,Champions League,Fase de Liga,Casa,Antonio Rüdiger,Borussia Dortmund,Sim,Cabeça,5,60,0-2,Gregor Kobel,Kylian Mbappé,Kylian Mbappé,Pass (Live),Jude Bellingham,Chute,
2024-10-22,Champions League,Fase de Liga,Casa,Vinicius Júnior,Borussia Dortmund,Sim,Perna Esquerda,11,62,1-2,Gregor Kobel,,Luka Modrić,Pass (Live),Federico Valverde,Pass (Live),
2024-10-22,Champions League,Fase de Liga,Casa,Lucas Vázquez,Borussia Dortmund,Sim,Perna Direita,10,83,2-2,Gregor Kobel,,,,,,
2024-10-22,Champions League,Fase de Liga,Casa,Vinicius Júnior,Borussia Dortmund,Sim,Perna Direita,22,86,3-2,Gregor Kobel,Jude Bellingham,,,,,
2024-10-22,Champions League,Fase de Liga,Casa,Vinicius Júnior,Borussia Dortmund,Sim,Perna Esquerda,10,90+3,4-2,Gregor Kobel,,Vinicius Júnior,Take-On,,,
2024-11-05,Champions League,Fase de Liga,Casa,Vinicius Júnior,Milan,Sim,Perna Direita,13,23,0-1,Mike Maignan,,Vinicius Júnior,Fouled,Jude Bellingham,Pass (Live),
2024-11-09,La Liga,Rodada 13,Casa,Vinicius Júnior,Osasuna,Sim,Perna Direita,12,34,0-0,Sergio Herrera,Jude Bellingham,Jude Bellingham,Pass (Live),,,
2024-11-09,La Liga,Rodada 13,Casa,Jude Bellingham,Osasuna,Sim,Perna Direita,17,42,1-0,Sergio Herrera,Raúl Asencio,Raúl Asencio,Pass (Live),Federico Valverde,Pass (Live),Volley
2024-11-09,La Liga,Rodada 13,Casa,Vinicius Júnior,Osasuna,Sim,Perna Esquerda,5,61,2-0,Sergio Herrera,Andriy Lunin,Vinicius Júnior,Take-On,Andriy Lunin,Pass (Live),
2024-11-09,La Liga,Rodada 13,Casa,Vinicius Júnior,Osasuna,Sim,Perna Direita,8,69,3-0,Sergio Herrera,Brahim Díaz,Brahim Díaz,Pass (Live),Brahim Díaz,Tackle,Deflected
2024-11-24,La Liga,Rodada 14,Fora,Kylian Mbappé,Leganés,Sim,Perna Direita,5,43,0-0,Marko Dmitrović,Vinicius Júnior,Vinicius Júnior,Pass (Live),Vinicius Júnior,Take-On,
2024-11-24,La Liga,Rodada 14,Fora,Federico Valverde,Leganés,Sim/Capitão,Perna Direita,26,66,1-0,Marko Dmitrović,Arda Güler,Arda Güler,Pass (Live),Dani Ceballos,Pass (Dead),
2024-11-24,La Liga,Rodada 14,Fora,Jude Bellingham,Leganés,Sim,Cabeça,6,85,2-0,Marko Dmitrović,,Brahim Díaz,Chute,,,
2024-12-01,La Liga,Rodada 15,Casa,Jude Bellingham,Getafe,Sim,Perna Direita,13,30,0-0,David Soria,,Antonio Rüdiger,Fouled,Federico Valverde,Pass (Live),
2024-12-01,La Liga,Rodada 15,Casa,Kylian Mbappé,Getafe,Sim,Perna Direita,25,38,1-0,David Soria,Jude Bellingham,Jude Bellingham,Pass (Live),Federico Valverde,Pass (Live),
2024-12-04,La Liga,Rodada 19,Fora,Jude Bellingham,Athletic Club,Sim,Perna Esquerda,10,78,0-1,Julen Agirrezabala,,Kylian Mbappé,Chute,,,
2024-12-07,La Liga,Rodada 16,Fora,Jude Bellingham,Girona,Sim,Perna Direita,14,36,0-0,Paulo Gazzaniga,,Brahim Díaz,Take-On,Jude Bellingham,Pass (Live),
2024-12-07,La Liga,Rodada 16,Fora,Arda Güler,Girona,Sim,Perna Esquerda,17,55,1-0,Paulo Gazzaniga,Jude Bellingham,Jude Bellingham,Pass (Live),Luka Modrić,Pass (Live),
2024-12-07,La Liga,Rodada 16,Fora,Kylian Mbappé,Girona,Sim,Perna Direita,13,62,2-0,Paulo Gazzaniga,Luka Modrić,Luka Modrić,Pass (Live),Federico Valverde,Pass (Live),
2024-12-10,Champions League,Fase de Liga,Fora,Kylian Mbappé,Atalanta,Sim,Perna Direita,14,10,0-0,Marco Carnesecchi,Brahim Díaz,Kylian Mbappé,Take-On,Brahim Díaz,Pass (Live),
2024-12-10,Champions League,Fase de Liga,Fora,Vinicius Júnior,Atalanta,Sim,Perna Esquerda,16,56,1-1,Marco Carnesecchi,,Jude Bellingham,Pass (Live),Brahim Díaz,Pass (Live),
2024-12-10,Champions League,Fase de Liga,Fora,Jude Bellingham,Atalanta,Sim,Perna Esquerda,15,59,2-1,Marco Carnesecchi,Vinicius Júnior,Vinicius Júnior,Pass (Live),Thibaut Courtois,Pass (Live),
2024-12-14,La Liga,Rodada 17,Fora,Federico Valverde,Rayo Vallecano,Sim,Perna Direita,29,39,0-2,Augusto Batalla,Arda Güler,Arda Güler,Pass (Live),Lucas Vázquez,Pass (Live),Deflected
2024-12-14,La Liga,Rodada 17,Fora,Jude Bellingham,Rayo Vallecano,Sim,Cabeça,11,45,1-2,Augusto Batalla,Rodrygo,Rodrygo,Pass (Live),Antonio Rüdiger,Pass (Live),
2024-12-14,La Liga,Rodada 17,Fora,Rodrygo,Rayo Vallecano,Sim,Perna Esquerda,22,56,2-2,Augusto Batalla,Arda Güler,Arda Güler,Pass (Live),Luka Modrić,Pass (Live),Deflected
2024-12-22,La Liga,Rodada 18,Casa,Kylian Mbappé,Sevilla,Sim,Perna Direita,27,10,0-0,Álvaro Fernández,Rodrygo,Rodrygo,Pass (Live),Brahim Díaz,Pass (Live),
2024-12-22,La Liga,Rodada 18,Casa,Federico Valverde,Sevilla,Sim,Perna Direita,32,20,1-0,Álvaro Fernández,Eduardo Camavinga,Eduardo Camavinga,Pass (Live),Dani Ceballos,Pass (Live),
2024-12-22,La Liga,Rodada 18,Casa,Rodrygo,Sevilla,Sim,Perna Direita,15,34,2-0,Álvaro Fernández,Lucas Vázquez,Lucas Vázquez,Pass (Live),Brahim Díaz,Pass (Live),
2024-12-22,La Liga,Rodada 18,Casa,Brahim Díaz,Sevilla,Sim,Perna Esquerda,8,53,3-1,Álvaro Fernández,Kylian Mbappé,Kylian Mbappé,Pass (Live),Lucas Vázquez,Pass (Live),
2025-01-03,La Liga,Rodada 12,Fora,Luka Modrić,Valencia,Não,Perna Esquerda,10,85,0-1,Stole Dimitrievski,Jude Bellingham,Jude Bellingham,Pass (Live),Brahim Díaz,Pass (Live),
2025-01-03,La Liga,Rodada 12,Fora,Jude Bellingham,Valencia,Sim,Perna Direita,16,90+5,1-1,Stole Dimitrievski,,,,,,
2025-01-06,Copa del Rey,Play-Offs das Oitavas,Fora,Federico Valverde,CD Minera,Sim,,,5,,,,,,,,
2025-01-06,Copa del Rey,Play-Offs das Oitavas,Fora,Eduardo Camavinga,CD Minera,Sim,,,13,,,Fran Garcia,,,,,
2025-01-06,Copa del Rey,Play-Offs das Oitavas,Fora,Arda Güler,CD Minera,Sim,,,28,,,Federico Valverde,,,,,
2025-01-06,Copa del Rey,Play-Offs das Oitavas,Fora,Luka Modrić,CD Minera,Sim/Capitão,,,55,,,Brahim Díaz,,,,,
2025-01-06,Copa del Rey,Play-Offs das Oitavas,Fora,Arda Güler,CD Minera,Sim,,,88,,,Fran Garcia,,,,,
2025-01-09,Supercopa de España,Semi-Finais,Neutral,Jude Bellingham,Mallorca,Sim,,,63,,,,,,,,
2025-01-09,Supercopa de España,Semi-Finais,Neutral,Martin Valjent (OG),Mallorca,Sim,,,90+2,,,,,,,,Own Goal
2025-01-09,Supercopa de España,Semi-Finais,Neutral,Rodrygo,Mallorca,Sim,,,90+5,,,Lucas Vázquez,,,,,
2025-01-12,Supercopa de España,Final,Neutral,Kylian Mbappé,Barcelona,Sim,,,5,,,Vinicius Júnior,,,,,
2025-01-12,Supercopa de España,Final,Neutral,Rodrygo,Barcelona,Sim,,,60,,,,,,,,
2025-01-16,Copa del Rey,Oitavas de Finais,Casa,Kylian Mbappé,Celta Vigo,Sim,,,37,,,Dani Ceballos,,,,,
2025-01-16,Copa del Rey,Oitavas de Finais,Casa,Vinicius Júnior,Celta Vigo,Sim,,,48,,,Brahim Díaz,,,,,
2025-01-16,Copa del Rey,Oitavas de Finais,Casa,Endrick,Celta Vigo,Não,,,108,,,Arda Güler,,,,,
2025-01-16,Copa del Rey,Oitavas de Finais,Casa,Federico Valverde,Celta Vigo,Não,,,112,,,Aurélien Tchouaméni,,,,,
2025-01-16,Copa del Rey,Oitavas de Finais,Casa,Endrick,Celta Vigo,Não,,,119,,,Arda Güler,,,,,
2025-01-19,La Liga,Rodada 20,Casa,Kylian Mbappé,Las Palmas,Sim,Perna Direita,13,18,0-1,Jasper Cillessen,,Rodrygo,Fouled,Jude Bellingham,Pass (Live),
2025-01-19,La Liga,Rodada 20,Casa,Brahim Díaz,Las Palmas,Sim,Perna Esquerda,4,33,1-1,Jasper Cillessen,Lucas Vázquez,Lucas Vázquez,Pass (Live),Kylian Mbappé,Chute,
2025-01-19,La Liga,Rodada 20,Casa,Kylian Mbappé,Las Palmas,Sim,Perna Direita,18,36,2-1,Jasper Cillessen,Rodrygo,Rodrygo,Pass (Live),Federico Valverde,Pass (Live),
2025-01-19,La Liga,Rodada 20,Casa,Rodrygo,Las Palmas,Sim,Perna Direita,13,57,3-1,Jasper Cillessen,Fran Garcia,Fran Garcia,Pass (Live),Kylian Mbappé,Pass (Live),
2025-01-22,Champions League,Fase de Liga,Casa,Rodrygo,RB Salzburg,Sim,Perna Direita,12,23,0-0,Janis Blaswich,Jude Bellingham,Vinicius Júnior,Pass (Live),Kylian Mbappé,Pass (Live),
2025-01-22,Champions League,Fase de Liga,Casa,Rodrygo,RB Salzburg,Sim,Perna Direita,20,34,1-0,Janis Blaswich,Jude Bellingham,Jude Bellingham,Pass (Live),Rodrygo,Pass (Live),
2025-01-22,Champions League,Fase de Liga,Casa,Kylian Mbappé,RB Salzburg,Sim,Perna Esquerda,6,48,2-0,Janis Blaswich,,Kylian Mbappé,Tackle,,,
2025-01-22,Champions League,Fase de Liga,Casa,Vinicius Júnior,RB Salzburg,Sim,Perna Direita,12,55,3-0,Janis Blaswich,Luka Modrić,Vinicius Júnior,Take-On,Luka Modrić,Pass (Live),
2025-01-22,Champions League,Fase de Liga,Casa,Vinicius Júnior,RB Salzburg,Sim,Perna Esquerda,12,77,4-0,Janis Blaswich,Federico Valverde,Vinicius Júnior,Take-On,Federico Valverde,Pass (Live),
2025-01-25,La Liga,Rodada 21,Fora,Kylian Mbappé,Valladolid,Sim,Perna Direita,12,30,0-0,Karl Jakob Hein,Jude Bellingham,Kylian Mbappé,Pass (Live),Federico Valverde,Pass (Live),
2025-01-25,La Liga,Rodada 21,Fora,Kylian Mbappé,Valladolid,Sim,Perna Direita,13,57,1-0,Karl Jakob Hein,Rodrygo,Rodrygo,Pass (Live),Dani Ceballos,Pass (Live),
2025-01-25,La Liga,Rodada 21,Fora,Kylian Mbappé,Valladolid,Sim,Perna Direita,13,90+1,2-0,Karl Jakob Hein,,Jude Bellingham,Fouled,Luka Modrić,Pass (Live),
2025-01-29,Champions League,Fase de Liga,Fora,Rodrygo,Brest,Sim,Perna Esquerda,16,27,0-0,Marco Bizot,Luka Modrić,Rodrygo,Take-On,Luka Modrić,Pass (Live),
2025-01-29,Champions League,Fase de Liga,Fora,Jude Bellingham,Brest,Sim,Perna Direita,8,56,1-0,Marco Bizot,Lucas Vázquez,Lucas Vázquez,Pass (Live),Brahim Díaz,Pass (Live),
2025-01-29,Champions League,Fase de Liga,Fora,Rodrygo,Brest,Sim,Perna Direita,8,78,2-0,Marco Bizot,,Kylian Mbappé,Chute,,,Volley
2025-02-05,Copa del Rey,Quartas de Finais,Fora,Luka Modrić,Leganés,Sim/Capitão,,,18,,,Rodrygo,,,,,
2025-02-05,Copa del Rey,Quartas de Finais,Fora,Endrick,Leganés,Sim,,,25,,,,,,,,
2025-02-05,Copa del Rey,Quartas de Finais,Fora,Gonzalo García,Leganés,Não,,,90+3,,,Brahim Díaz,,,,,
2025-02-08,La Liga,Rodada 23,Casa,Kylian Mbappé,Atlético Madrid,Sim,Perna Direita,11,50,0-1,Jan Oblak,,Jude Bellingham,Chute,,,
2025-02-11,Champions League,Play-Offs das Oitavas,Fora,Kylian Mbappé,Manchester City,Sim,Perna Direita,9,60,0-1,Ederson,Dani Ceballos,Dani Ceballos,Pass (Live),Federico Valverde,Chute,Volley
2025-02-11,Champions League,Play-Offs das Oitavas,Fora,Brahim Díaz,Manchester City,Não,Perna Direita,10,86,1-2,Ederson,,Vinicius Júnior,Chute,,,Volley
2025-02-11,Champions League,Play-Offs das Oitavas,Fora,Jude Bellingham,Manchester City,Sim,Perna Direita,4,90+2,2-2,Ederson,Vinicius Júnior,Vinicius Júnior,Chute,,,
2025-02-15,La Liga,Rodada 24,Fora,Kylian Mbappé,Osasuna,Sim,Perna Direita,8,15,0-0,Sergio Herrera,Federico Valverde,Federico Valverde,Pass (Live),Luka Modrić,Pass (Live),
2025-02-19,Champions League,Play-Offs das Oitavas,Casa,Kylian Mbappé,Manchester City,Sim,Perna Direita,21,4,0-0,Ederson,Raúl Asencio,Raúl Asencio,Pass (Live),Jude Bellingham,Pass (Live),Volley
2025-02-19,Champions League,Play-Offs das Oitavas,Casa,Kylian Mbappé,Manchester City,Sim,Perna Direita,10,33,1-0,Ederson,Rodrygo,Kylian Mbappé,Take-On,Rodrygo,Pass (Live),
2025-02-19,Champions League,Play-Offs das Oitavas,Casa,Kylian Mbappé,Manchester City,Sim,Perna Esquerda,19,61,2-0,Ederson,Federico Valverde,Federico Valverde,Pass (Live),Jude Bellingham,Pass (Live),
2025-02-23,La Liga,Rodada 25,Casa,Luka Modrić,Girona,Sim/Capitão,Perna Direita,29,41,0-0,Paulo Gazzaniga,,,,,,
2025-02-23,La Liga,Rodada 25,Casa,Vinicius Júnior,Girona,Sim,Perna Direita,11,83,1-0,Paulo Gazzaniga,Kylian Mbappé,Kylian Mbappé,Pass (Live),Vinicius Júnior,Pass (Live),Deflected
2025-02-26,Copa del Rey,Semi-Finais,Fora,Endrick,Real Sociedad,Sim,,,19,,,Jude Bellingham,,,,,
2025-03-01,La Liga,Rodada 26,Fora,Brahim Díaz,Real Betis,Sim,Perna Direita,8,10,0-0,Adrián,Ferland Mendy,Ferland Mendy,Pass (Live),Kylian Mbappé,Pass (Live),
2025-03-04,Champions League,Oitavas de Finais,Casa,Rodrygo,Atlético Madrid,Sim,Perna Esquerda,15,4,0-0,Jan Oblak,Federico Valverde,Federico Valverde,Pass (Live),Eduardo Camavinga,Pass (Live),
2025-03-04,Champions League,Oitavas de Finais,Casa,Brahim Díaz,Atlético Madrid,Sim,Perna Direita,11,55,1-1,Jan Oblak,Ferland Mendy,Brahim Díaz,Take-On,Ferland Mendy,Pass (Live),
2025-03-09,La Liga,Rodada 27,Casa,Kylian Mbappé,Rayo Vallecano,Sim,Perna Direita,13,30,0-0,Augusto Batalla,,Vinicius Júnior,Pass (Live),Luka Modrić,Pass (Live),
2025-03-09,La Liga,Rodada 27,Casa,Vinicius Júnior,Rayo Vallecano,Sim,Perna Direita,12,34,1-0,Augusto Batalla,Luka Modrić,Vinicius Júnior,Take-On,Luka Modrić,Pass (Live),Deflected
2025-03-15,La Liga,Rodada 28,Fora,Kylian Mbappé,Villarreal,Sim,Perna Direita,9,17,0-1,Diego Conde,,Brahim Díaz,Chute,,,Deflected
2025-03-15,La Liga,Rodada 28,Fora,Kylian Mbappé,Villarreal,Sim,Perna Direita,19,23,1-1,Diego Conde,Lucas Vázquez,Lucas Vázquez,Pass (Live),Federico Valverde,Pass (Live),
2025-03-29,La Liga,Rodada 29,Casa,Kylian Mbappé,Leganés,Sim,Perna Direita,13,32,0-0,Marko Dmitrović,,Arda Güler,Fouled,Jude Bellingham,Pass (Live),
2025-03-29,La Liga,Rodada 29,Casa,Jude Bellingham,Leganés,Sim,Perna Direita,3,47,1-2,Marko Dmitrović,,Brahim Díaz,Chute,,,Volley
2025-03-29,La Liga,Rodada 29,Casa,Kylian Mbappé,Leganés,Sim,Perna Direita,24,76,2-2,Marko Dmitrović,Fran Garcia,Fran Garcia,Pass (Live),Kylian Mbappé,Pass (Dead),
2025-04-01,Copa del Rey,Semi-Finais,Casa,Endrick,Real Sociedad,Sim,,,30,,,Vinicius Júnior,,,,,
2025-04-01,Copa del Rey,Semi-Finais,Casa,Jude Bellingham,Real Sociedad,Sim,,,82,,,Vinicius Júnior,,,,,
2025-04-01,Copa del Rey,Semi-Finais,Casa,Aurélien Tchouaméni,Real Sociedad,Sim,,,86,,,Rodrygo,,,,,
2025-04-01,Copa del Rey,Semi-Finais,Casa,Antonio Rüdiger,Real Sociedad,Não,,,115,,,Arda Güler,,,,,
2025-04-05,La Liga,Rodada 30,Casa,Vinicius Júnior,Valencia,Sim,Perna Direita,3,50,0-1,Giorgi Mamardashvili,Jude Bellingham,Jude Bellingham,Pass (Live),Luka Modrić,Pass (Dead),
2025-04-13,La Liga,Rodada 31,Fora,Eduardo Camavinga,Alavés,Sim,Perna Esquerda,22,34,0-0,Jesús Owono,Federico Valverde,Federico Valverde,Pass (Live),Eduardo Camavinga,Pass (Live),
2025-04-16,Champions League,Quartas de Finais,Casa,Vinicius Júnior,Arsenal,Sim,Perna Direita,15,67,0-1,David Raya,,Vinicius Júnior,Tackle,,,
2025-04-20,La Liga,Rodada 32,Casa,Federico Valverde,Athletic Club,Sim,Perna Direita,18,90+3,0-0,Unai Simón,,Lucas Vázquez,Pass (Live),Federico Valverde,Pass (Live),Volley
2025-04-23,La Liga,Rodada 33,Fora,Arda Güler,Getafe,Sim,Perna Direita,26,21,0-0,David Soria,,Arda Güler,Take-On,Brahim Díaz,Pass (Live),
2025-04-26,Copa del Rey,Final,Fora,Kylian Mbappé,Barcelona,Não,,,70,,,,,,,,
2025-04-26,Copa del Rey,Final,Fora,Aurélien Tchouaméni,Barcelona,Sim,,,77,,,Arda Güler,,,,,
2025-05-04,La Liga,Rodada 34,Casa,Arda Güler,Celta Vigo,Sim,Perna Esquerda,18,33,0-0,Vicente Guaita,Lucas Vázquez,Lucas Vázquez,Pass (Live),Arda Güler,Pass (Dead),
2025-05-04,La Liga,Rodada 34,Casa,Kylian Mbappé,Celta Vigo,Sim,Perna Direita,19,39,1-0,Vicente Guaita,Jude Bellingham,Jude Bellingham,Pass (Live),Vinicius Júnior,Pass (Live),
2025-05-04,La Liga,Rodada 34,Casa,Kylian Mbappé,Celta Vigo,Sim,Perna Esquerda,11,48,2-0,Vicente Guaita,Arda Güler,Arda Güler,Pass (Live),Dani Ceballos,Pass (Live),
2025-05-11,La Liga,Rodada 35,Fora,Kylian Mbappé,Barcelona,Sim,Perna Direita,13,5,0-0,Wojciech Szczęsny,,Kylian Mbappé,Fouled,,,
2025-05-11,La Liga,Rodada 35,Fora,Kylian Mbappé,Barcelona,Sim,Perna Direita,16,14,1-0,Wojciech Szczęsny,Vinicius Júnior,Vinicius Júnior,Pass (Live),Jude Bellingham,Pass (Live),
2025-05-11,La Liga,Rodada 35,Fora,Kylian Mbappé,Barcelona,Sim,Perna Esquerda,9,70,2-4,Wojciech Szczęsny,Vinicius Júnior,Vinicius Júnior,Pass (Live),Luka Modrić,Pass (Live),
2025-05-14,La Liga,Rodada 36,Casa,Kylian Mbappé,Mallorca,Sim,Perna Direita,11,68,0-1,Leo Román,Luka Modrić,Kylian Mbappé,Take-On,Luka Modrić,Pass (Live),
2025-05-14,La Liga,Rodada 36,Casa,Jacobo Ramón,Mallorca,Sim,Perna Direita,9,90+5,1-1,Leo Román,Jesús Vallejo,Jesús Vallejo,Pass (Live),Fran Garcia,Pass (Live),Volley
2025-05-18,La Liga,Rodada 37,Fora,Kylian Mbappé,Sevilla,Sim,Perna Direita,27,75,0-0,Ørjan Nyland,Luka Modrić,Luka Modrić,Pass (Live),Arda Güler,Pass (Dead),
2025-05-18,La Liga,Rodada 37,Fora,Jude Bellingham,Sevilla,Sim,Perna Esquerda,1,87,1-0,Ørjan Nyland,Gonzalo García,Gonzalo García,Pass (Live),Víctor Muñoz,Pass (Live),
2025-05-24,La Liga,Rodada 38,Casa,Kylian Mbappé,Real Sociedad,Sim,Perna Direita,9,38,0-0,Unai Marrero,,Kylian Mbappé,Chute,,,
2025-05-24,La Liga,Rodada 38,Casa,Kylian Mbappé,Real Sociedad,Sim,Perna Esquerda,11,83,1-0,Unai Marrero,Vinicius Júnior,Vinicius Júnior,Pass (Live),Kylian Mbappé,Pass (Live),
2023-08-12,La Liga,Rodada 1,Fora,Rodrygo,Athletic Club,Sim,Perna Direita,13,28,0-0,Unai Simón,Dani Carvajal,Dani Carvajal,Pass (Live),Rodrygo,Pass (Live),
2023-08-12,La Liga,Rodada 1,Fora,Jude Bellingham,Athletic Club,Sim,Perna Direita,15,36,1-0,Unai Simón,David Alaba,David Alaba,Pass (Dead),Jude Bellingham,Chute,Volley
2023-08-19,La Liga,Rodada 2,Fora,Jude Bellingham,Almería,Sim,Perna Direita,8,19,0-1,Luís Maximiano,,Federico Valverde,Chute,,,
2023-08-19,La Liga,Rodada 2,Fora,Jude Bellingham,Almería,Sim,Cabeça,9,60,1-1,Luís Maximiano,Toni Kroos,Toni Kroos,Pass (Live),Aurélien Tchouaméni,Pass (Live),
2023-08-19,La Liga,Rodada 2,Fora,Vinicius Júnior,Almería,Sim,Perna Direita,16,73,2-1,Luís Maximiano,Jude Bellingham,Jude Bellingham,Pass (Live),Federico Valverde,Pass (Live),Deflected
2023-08-25,La Liga,Rodada 3,Fora,Jude Bellingham,Celta Vigo,Sim,Cabeça,6,81,0-0,Iván Villar,Joselu,Joselu,Pass (Live),Toni Kroos,Pass (Dead),
2023-09-02,La Liga,Rodada 4,Casa,Joselu,Getafe,Sim,Perna Direita,7,47,0-1,David Soria,,Aurélien Tchouaméni,Chute,,,
2023-09-02,La Liga,Rodada 4,Casa,Jude Bellingham,Getafe,Sim,Perna Esquerda,6,90+5,1-1,David Soria,,Lucas Vázquez,Chute,,,
2023-09-17,La Liga,Rodada 5,Casa,Federico Valverde,Real Sociedad,Sim,Perna Direita,21,46,0-1,Álex Remiro,Fran Garcia,Fran Garcia,Pass (Live),Rodrygo,Pass (Live),
2023-09-17,La Liga,Rodada 5,Casa,Joselu,Real Sociedad,Sim,Cabeça,8,60,1-1,Álex Remiro,Fran Garcia,Fran Garcia,Pass (Live),Aurélien Tchouaméni,Pass (Live),
2023-09-20,Champions League,Fase de Grupos,Casa,Jude Bellingham,Union Berlin,Sim,Perna Direita,2,90+4,0-0,Frederik Rønnow,,Federico Valverde,Chute,,,
2023-09-24,La Liga,Rodada 6,Fora,Toni Kroos,Atlético Madrid,Sim,Perna Direita,22,35,0-2,Jan Oblak,,Lucas Vázquez,Pass (Live),Eduardo Camavinga,Pass (Live),
2023-09-27,La Liga,Rodada 7,Casa,Brahim Díaz,Las Palmas,Sim,Perna Direita,13,45+3,0-0,Álvaro Vallés,Lucas Vázquez,Lucas Vázquez,Pass (Live),Ferland Mendy,Pass (Live),Deflected
2023-09-27,La Liga,Rodada 7,Casa,Joselu,Las Palmas,Sim,Cabeça,11,54,1-0,Álvaro Vallés,Rodrygo,Rodrygo,Pass (Live),Eduardo Camavinga,Pass (Live),
2023-09-30,La Liga,Rodada 8,Fora,Joselu,Girona,Sim,Perna Direita,6,17,0-0,Paulo Gazzaniga,Jude Bellingham,Jude Bellingham,Pass (Live),Toni Kroos,Pass (Live),
2023-09-30,La Liga,Rodada 8,Fora,Aurélien Tchouaméni,Girona,Sim,Cabeça,9,21,1-0,Paulo Gazzaniga,Toni Kroos,Toni Kroos,Pass (Dead),Federico Valverde,Chute,
2023-09-30,La Liga,Rodada 8,Fora,Jude Bellingham,Girona,Sim,Perna Direita,10,71,2-0,Paulo Gazzaniga,Joselu,Joselu,Chute,,,Volley
2023-10-03,Champions League,Fase de Grupos,Fora,Vinicius Júnior,Napoli,Sim,Perna Direita,9,27,0-1,Alex Meret,Jude Bellingham,Jude Bellingham,Pass (Live),Jude Bellingham,Interception,
2023-10-03,Champions League,Fase de Grupos,Fora,Jude Bellingham,Napoli,Sim,Perna Direita,11,34,1-1,Alex Meret,Eduardo Camavinga,Jude Bellingham,Take-On,Eduardo Camavinga,Pass (Live),
2023-10-03,Champions League,Fase de Grupos,Fora,Alex Meret (OG),Napoli,Sim,,,78,,,,,,,,Own Goal
2023-10-07,La Liga,Rodada 9,Casa,Jude Bellingham,Osasuna,Sim,Perna Esquerda,12,9,0-0,Sergio Herrera,Dani Carvajal,Dani Carvajal,Pass (Live),Luka Modrić,Pass (Live),
2023-10-07,La Liga,Rodada 9,Casa,Jude Bellingham,Osasuna,Sim,Perna Direita,10,54,1-0,Sergio Herrera,Federico Valverde,Federico Valverde,Pass (Live),Jude Bellingham,Pass (Live),
2023-10-07,La Liga,Rodada 9,Casa,Vinicius Júnior,Osasuna,Sim,Perna Direita,3,65,2-0,Sergio Herrera,Federico Valverde,Vinicius Júnior,Take-On,Federico Valverde,Pass (Live),
2023-10-07,La Liga,Rodada 9,Casa,Joselu,Osasuna,Sim,Perna Direita,12,70,3-0,Sergio Herrera,Vinicius Júnior,Vinicius Júnior,Pass (Live),Aurélien Tchouaméni,Pass (Live),
2023-10-21,La Liga,Rodada 10,Fora,Dani Carvajal,Sevilla,Sim/Capitão,Cabeça,8,78,0-1,Ørjan Nyland,Toni Kroos,Toni Kroos,Pass (Dead),Dani Carvajal,Fouled,
2023-10-24,Champions League,Fase de Grupos,Fora,Rodrygo,Braga,Sim,Perna Direita,6,16,0-0,Matheus,,Vinicius Júnior,Take-On,Nacho,Pass (Live),
2023-10-24,Champions League,Fase de Grupos,Fora,Jude Bellingham,Braga,Sim,Perna Direita,18,61,1-0,Matheus,Vinicius Júnior,Vinicius Júnior,Pass (Live),Rodrygo,Pass (Live),
2023-10-28,La Liga,Rodada 11,Fora,Jude Bellingham,Barcelona,Sim,Perna Direita,31,68,0-1,Marc-André ter Stegen,,Eduardo Camavinga,Pass (Live),Luka Modrić,Pass (Live),
2023-10-28,La Liga,Rodada 11,Fora,Jude Bellingham,Barcelona,Sim,Perna Direita,5,90+2,1-1,Marc-André ter Stegen,Luka Modrić,Dani Carvajal,Pass (Live),Antonio Rüdiger,Pass (Live),Volley
2023-11-08,Champions League,Fase de Grupos,Casa,Brahim Díaz,Braga,Sim,Perna Esquerda,7,27,0-0,Matheus,Rodrygo,Rodrygo,Pass (Live),Ferland Mendy,Pass (Live),
2023-11-08,Champions League,Fase de Grupos,Casa,Vinicius Júnior,Braga,Sim,Perna Direita,11,58,1-0,Matheus,Lucas Vázquez,Lucas Vázquez,Pass (Live),Federico Valverde,Pass (Live),
2023-11-08,Champions League,Fase de Grupos,Casa,Rodrygo,Braga,Sim,Perna Direita,11,61,2-0,Matheus,Vinicius Júnior,Vinicius Júnior,Pass (Live),Rodrygo,Pass (Live),
2023-11-11,La Liga,Rodada 13,Casa,Dani Carvajal,Valencia,Sim,Perna Esquerda,23,3,0-0,Giorgi Mamardashvili,Toni Kroos,Toni Kroos,Pass (Live),Brahim Díaz,Pass (Dead),Volley
2023-11-11,La Liga,Rodada 13,Casa,Vinicius Júnior,Valencia,Sim,Outros,9,42,1-0,Giorgi Mamardashvili,Rodrygo,Rodrygo,Pass (Live),Dani Carvajal,Pass (Live),
2023-11-11,La Liga,Rodada 13,Casa,Vinicius Júnior,Valencia,Sim,Perna Direita,22,49,2-0,Giorgi Mamardashvili,Rodrygo,Rodrygo,Pass (Live),,,
2023-11-11,La Liga,Rodada 13,Casa,Rodrygo,Valencia,Sim,Perna Direita,15,50,3-0,Giorgi Mamardashvili,,Rodrygo,Interception,,,
2023-11-11,La Liga,Rodada 13,Casa,Rodrygo,Valencia,Sim,Perna Esquerda,11,84,4-0,Giorgi Mamardashvili,Fran Garcia,Rodrygo,Take-On,Fran Garcia,Pass (Live),
2023-11-26,La Liga,Rodada 14,Fora,Rodrygo,Cádiz,Sim,Perna Direita,18,14,0-0,Jeremías Ledesma,,Jude Bellingham,Pass (Live),Joselu,Pass (Live),
2023-11-26,La Liga,Rodada 14,Fora,Rodrygo,Cádiz,Sim,Perna Direita,15,64,1-0,Jeremías Ledesma,Luka Modrić,Rodrygo,Take-On,Luka Modrić,Pass (Live),
2023-11-26,La Liga,Rodada 14,Fora,Jude Bellingham,Cádiz,Sim,Perna Esquerda,12,74,2-0,Jeremías Ledesma,Rodrygo,Rodrygo,Pass (Live),Rodrygo,Take-On,
2023-11-29,Champions League,Fase de Grupos,Casa,Rodrygo,Napoli,Sim,Perna Direita,17,11,0-1,Alex Meret,Brahim Díaz,Brahim Díaz,Pass (Live),Brahim Díaz,Take-On,
2023-11-29,Champions League,Fase de Grupos,Casa,Jude Bellingham,Napoli,Sim,Cabeça,11,22,1-1,Alex Meret,David Alaba,David Alaba,Pass (Live),Toni Kroos,Pass (Live),
2023-11-29,Champions League,Fase de Grupos,Casa,Nicolás Paz,Napoli,Não,Perna Esquerda,30,84,2-2,Alex Meret,Antonio Rüdiger,Antonio Rüdiger,Pass (Live),Dani Carvajal,Pass (Live),
2023-11-29,Champions League,Fase de Grupos,Casa,Joselu,Napoli,Não,Perna Direita,4,90+4,3-2,Alex Meret,Jude Bellingham,Jude Bellingham,Pass (Live),Nacho,Pass (Live),
2023-12-02,La Liga,Rodada 15,Casa,Brahim Díaz,Granada,Sim,Perna Esquerda,9,26,0-0,André Ferreira,Toni Kroos,Toni Kroos,Pass (Live),Brahim Díaz,Pass (Live),
2023-12-02,La Liga,Rodada 15,Casa,Rodrygo,Granada,Sim,Perna Direita,9,57,1-0,André Ferreira,,Jude Bellingham,Chute,,,Volley
2023-12-09,La Liga,Rodada 16,Fora,Jude Bellingham,Real Betis,Sim,Perna Direita,10,53,0-0,Rui Silva,Brahim Díaz,Brahim Díaz,Pass (Live),Jude Bellingham,Pass (Live),
2023-12-12,Champions League,Fase de Grupos,Fora,Joselu,Union Berlin,Sim,Cabeça,6,61,0-1,Frederik Rønnow,Rodrygo,Rodrygo,Pass (Live),Lucas Vázquez,Pass (Live),
2023-12-12,Champions League,Fase de Grupos,Fora,Joselu,Union Berlin,Sim,Cabeça,5,72,1-1,Frederik Rønnow,Fran Garcia,Fran Garcia,Pass (Live),Luka Modrić,Pass (Live),
2023-12-12,Champions League,Fase de Grupos,Fora,Dani Ceballos,Union Berlin,Sim,Perna Direita,16,89,2-2,Frederik Rønnow,Jude Bellingham,Jude Bellingham,Pass (Live),Fran Garcia,Pass (Live),Deflected
2023-12-17,La Liga,Rodada 17,Casa,Jude Bellingham,Villarreal,Sim,Cabeça,9,25,0-0,Filip Jørgensen,Luka Modrić,Luka Modrić,Pass (Live),Lucas Vázquez,Pass (Live),
2023-12-17,La Liga,Rodada 17,Casa,Rodrygo,Villarreal,Sim,Perna Direita,7,37,1-0,Filip Jørgensen,Lucas Vázquez,Antonio Rüdiger,Chute,,,
2023-12-17,La Liga,Rodada 17,Casa,Brahim Díaz,Villarreal,Sim,Perna Direita,16,64,2-1,Filip Jørgensen,Fran Garcia,Brahim Díaz,Take-On,Brahim Díaz,Take-On,
2023-12-17,La Liga,Rodada 17,Casa,Luka Modrić,Villarreal,Sim/Capitão,Perna Esquerda,15,68,3-1,Filip Jørgensen,,Rodrygo,Take-On,,,
2023-12-21,La Liga,Rodada 18,Fora,Lucas Vázquez,Alavés,Sim,Cabeça,9,90+2,0-0,Antonio Sivera,Toni Kroos,Toni Kroos,Pass (Dead),Antonio Rüdiger,Pass (Live),
2024-01-03,La Liga,Rodada 19,Casa,Antonio Rüdiger,Mallorca,Sim,Cabeça,9,78,0-0,Predrag Rajković,Luka Modrić,Luka Modrić,Pass (Dead),Luka Modrić,Pass (Live),
2024-01-06,Copa del Rey,Play-Offs das Oitavas,Fora,Joselu,Arandina,Sim,,,54,,,,,,,,
2024-01-06,Copa del Rey,Play-Offs das Oitavas,Fora,Brahim Díaz,Arandina,Sim,,,55,,,,,,,,
2024-01-06,Copa del Rey,Play-Offs das Oitavas,Fora,Rodrygo,Arandina,Não,,,90+1,,,Brahim Díaz,,,,,
2024-01-10,Supercopa de España,Semi-Finais,Casa,Antonio Rüdiger,Atlético Madrid,Sim,,,20,,,Luka Modrić,,,,,
2024-01-10,Supercopa de España,Semi-Finais,Casa,Ferland Mendy,Atlético Madrid,Sim,,,29,,,Dani Carvajal,,,,,
2024-01-10,Supercopa de España,Semi-Finais,Casa,Dani Carvajal,Atlético Madrid,Sim,,,85,,,,,,,,
2024-01-10,Supercopa de España,Semi-Finais,Casa,Joselu,Atlético Madrid,Não,,,116,,,Dani Carvajal,,,,,
2024-01-10,Supercopa de España,Semi-Finais,Casa,Brahim Díaz,Atlético Madrid,Não,,,120+2,,,Joselu,,,,,
2024-01-14,Supercopa de España,Final,Casa,Vinicius Júnior,Barcelona,Sim,,,7,,,Jude Bellingham,,,,,
2024-01-14,Supercopa de España,Final,Casa,Vinicius Júnior,Barcelona,Sim,,,10,,,Rodrygo,,,,,
2024-01-14,Supercopa de España,Final,Casa,Vinicius Júnior,Barcelona,Sim,,,39,,,,,,,,
2024-01-14,Supercopa de España,Final,Casa,Rodrygo,Barcelona,Sim,,,64,,,,,,,,
2024-01-18,Copa del Rey,Oitavas de Finais,Fora,Jan Oblak (OG),Atlético Madrid,Sim,,,45+1,,,,,,,,Own Goal
2024-01-18,Copa del Rey,Oitavas de Finais,Fora,Joselu,Atlético Madrid,Não,,,82,,,Jude Bellingham,,,,,
2024-01-21,La Liga,Rodada 21,Casa,Jude Bellingham,Almería,Sim,Perna Direita,13,57,0-2,Luís Maximiano,,,Fouled,Joselu,Chute,
2024-01-21,La Liga,Rodada 21,Casa,Vinicius Júnior,Almería,Sim,Outros,9,67,1-2,Luís Maximiano,Aurélien Tchouaméni,Aurélien Tchouaméni,Pass (Live),Dani Carvajal,Pass (Live),
2024-01-21,La Liga,Rodada 21,Casa,Dani Carvajal,Almería,Sim,Perna Direita,1,90+9,2-2,Luís Maximiano,Jude Bellingham,Jude Bellingham,Pass (Live),Brahim Díaz,Pass (Live),
2024-01-27,La Liga,Rodada 22,Fora,Vinicius Júnior,Las Palmas,Sim,Perna Esquerda,10,65,0-1,Álvaro Vallés,Eduardo Camavinga,Eduardo Camavinga,Pass (Live),Toni Kroos,Pass (Live),Volley
2024-01-27,La Liga,Rodada 22,Fora,Aurélien Tchouaméni,Las Palmas,Não,Cabeça,8,84,1-1,Álvaro Vallés,Toni Kroos,Toni Kroos,Pass (Dead),Vinicius Júnior,Chute,Deflected
2024-02-01,La Liga,Rodada 20,Fora,Joselu,Getafe,Sim,Cabeça,7,14,0-0,David Soria,Lucas Vázquez,Lucas Vázquez,Pass (Live),Federico Valverde,Pass (Live),
2024-02-01,La Liga,Rodada 20,Fora,Joselu,Getafe,Sim,Perna Esquerda,19,56,1-0,David Soria,Vinicius Júnior,Vinicius Júnior,Pass (Live),Ferland Mendy,Pass (Live),
2024-02-04,La Liga,Rodada 23,Casa,Brahim Díaz,Atlético Madrid,Sim,Perna Direita,4,20,0-0,Jan Oblak,,Brahim Díaz,Take-On,,,
2024-02-10,La Liga,Rodada 24,Casa,Vinicius Júnior,Girona,Sim,Perna Direita,28,6,0-0,Paulo Gazzaniga,Federico Valverde,Federico Valverde,Pass (Live),Jude Bellingham,Pass (Live),
2024-02-10,La Liga,Rodada 24,Casa,Jude Bellingham,Girona,Sim,Perna Esquerda,9,35,1-0,Paulo Gazzaniga,Vinicius Júnior,Jude Bellingham,Take-On,Vinicius Júnior,Pass (Live),
2024-02-10,La Liga,Rodada 24,Casa,Jude Bellingham,Girona,Sim,Perna Esquerda,4,54,2-0,Paulo Gazzaniga,,Vinicius Júnior,Chute,,,
2024-02-10,La Liga,Rodada 24,Casa,Rodrygo,Girona,Sim,Perna Direita,17,61,3-0,Paulo Gazzaniga,Vinicius Júnior,Vinicius Júnior,Pass (Live),,,
2024-02-13,Champions League,Oitavas de Finais,Fora,Brahim Díaz,RB Leipzig,Sim,Perna Esquerda,16,48,0-0,Péter Gulácsi,Dani Carvajal,Brahim Díaz,Take-On,Brahim Díaz,Take-On,
2024-02-18,La Liga,Rodada 25,Fora,Joselu,Rayo Vallecano,Sim,Perna Esquerda,15,3,0-0,Stole Dimitrievski,Federico Valverde,Federico Valverde,Pass (Live),Brahim Díaz,Pass (Live),
2024-02-25,La Liga,Rodada 26,Casa,Luka Modrić,Sevilla,Não,Perna Direita,23,81,0-0,Ørjan Nyland,,Aurélien Tchouaméni,Pass (Live),Ferland Mendy,Pass (Live),
2024-03-02,La Liga,Rodada 27,Fora,Vinicius Júnior,Valencia,Sim,Perna Direita,5,45+5,0-2,Giorgi Mamardashvili,Rodrygo,Federico Valverde,Pass (Live),Aurélien Tchouaméni,Pass (Live),
2024-03-02,La Liga,Rodada 27,Fora,Vinicius Júnior,Valencia,Sim,Cabeça,2,76,1-2,Giorgi Mamardashvili,Brahim Díaz,Brahim Díaz,Pass (Live),Luka Modrić,Pass (Live),
2024-03-06,Champions League,Oitavas de Finais,Casa,Vinicius Júnior,RB Leipzig,Sim,Perna Direita,15,65,0-0,Péter Gulácsi,Jude Bellingham,Jude Bellingham,Pass (Live),Toni Kroos,Pass (Live),
2024-03-10,La Liga,Rodada 28,Casa,Vinicius Júnior,Celta Vigo,Sim,Perna Direita,3,21,0-0,Vicente Guaita,,Vinicius Júnior,Chute,,,
2024-03-10,La Liga,Rodada 28,Casa,Vicente Guaita (OG),Celta Vigo,Sim,,,79,,,,,,,,Own Goal
2024-03-10,La Liga,Rodada 28,Casa,Carlos Dominguez (OG),Celta Vigo,Não,,,88,,,,,,,,Own Goal
2024-03-10,La Liga,Rodada 28,Casa,Arda Güler,Celta Vigo,Não,Perna Direita,7,90+4,3-0,Vicente Guaita,Dani Ceballos,Arda Güler,Take-On,Dani Ceballos,Pass (Live),
2024-03-16,La Liga,Rodada 29,Fora,Vinicius Júnior,Osasuna,Sim,Perna Direita,13,4,0-0,Sergio Herrera,,Vinicius Júnior,Tackle,,,
2024-03-16,La Liga,Rodada 29,Fora,Dani Carvajal,Osasuna,Sim/Capitão,Perna Direita,10,18,1-1,Sergio Herrera,Federico Valverde,Federico Valverde,Pass (Live),Brahim Díaz,Pass (Live),Volley
2024-03-16,La Liga,Rodada 29,Fora,Brahim Díaz,Osasuna,Sim,Perna Direita,16,61,2-1,Sergio Herrera,Federico Valverde,Federico Valverde,Pass (Live),Andriy Lunin,Pass (Live),
2024-03-16,La Liga,Rodada 29,Fora,Vinicius Júnior,Osasuna,Sim,Perna Direita,8,64,3-1,Sergio Herrera,Federico Valverde,Antonio Rüdiger,Pass (Live),Aurélien Tchouaméni,Pass (Live),
2024-03-31,La Liga,Rodada 30,Casa,Rodrygo,Athletic Club,Sim,Perna Direita,22,8,0-0,Julen Agirrezabala,Brahim Díaz,Brahim Díaz,Pass (Live),Aurélien Tchouaméni,Pass (Live),
2024-03-31,La Liga,Rodada 30,Casa,Rodrygo,Athletic Club,Sim,Perna Direita,9,73,1-0,Julen Agirrezabala,Jude Bellingham,Rodrygo,Take-On,Jude Bellingham,Pass (Live),
2024-04-09,Champions League,Quartas de Finais,Casa,Rúben Dias (OG),Manchester City,Sim/Capitão,,,12,,,,,,,,Own Goal
2024-04-09,Champions League,Quartas de Finais,Casa,Rodrygo,Manchester City,Sim,Perna Direita,12,14,1-1,Stefan Ortega,Vinicius Júnior,Vinicius Júnior,Pass (Live),Toni Kroos,Pass (Live),Deflected
2024-04-09,Champions League,Quartas de Finais,Casa,Federico Valverde,Manchester City,Sim,Perna Direita,16,79,2-3,Stefan Ortega,Vinicius Júnior,Vinicius Júnior,Pass (Live),Luka Modrić,Pass (Live),Volley
2024-04-13,La Liga,Rodada 31,Fora,Aurélien Tchouaméni,Mallorca,Sim,Perna Direita,34,48,0-0,Predrag Rajković,,Antonio Rüdiger,Pass (Live),Aurélien Tchouaméni,Pass (Live),Deflected
2024-04-17,Champions League,Quartas de Finais,Fora,Rodrygo,Manchester City,Sim,Perna Direita,7,12,0-0,Ederson,,Rodrygo,Chute,,,
2024-04-21,La Liga,Rodada 32,Casa,Vinicius Júnior,Barcelona,Sim,Perna Direita,13,18,0-1,Marc-André ter Stegen,,Lucas Vázquez,Fouled,Lucas Vázquez,Take-On,
2024-04-21,La Liga,Rodada 32,Casa,Lucas Vázquez,Barcelona,Sim,Perna Direita,10,73,1-2,Marc-André ter Stegen,Vinicius Júnior,Vinicius Júnior,Pass (Live),Federico Valverde,Pass (Live),Volley
2024-04-21,La Liga,Rodada 32,Casa,Jude Bellingham,Barcelona,Sim,Perna Esquerda,8,90+1,2-2,Marc-André ter Stegen,Lucas Vázquez,Lucas Vázquez,Pass (Live),Brahim Díaz,Pass (Live),
2024-04-26,La Liga,Rodada 33,Fora,Arda Güler,Real Sociedad,Sim,Perna Esquerda,11,29,0-0,Álex Remiro,Dani Carvajal,Dani Carvajal,Pass (Live),Aurélien Tchouaméni,Pass (Live),
2024-04-30,Champions League,Semi-Finais,Fora,Vinicius Júnior,Bayern Munich,Sim,Perna Direita,17,24,0-0,Manuel Neuer,Toni Kroos,Toni Kroos,Pass (Live),Lucas Vázquez,Pass (Live),
2024-04-30,Champions League,Semi-Finais,Fora,Vinicius Júnior,Bayern Munich,Sim,Perna Direita,13,83,1-2,Manuel Neuer,,Rodrygo,Fouled,Aurélien Tchouaméni,Pass (Live),
2024-05-04,La Liga,Rodada 34,Casa,Brahim Díaz,Cádiz,Sim,Perna Direita,19,51,0-0,Jeremías Ledesma,Luka Modrić,Luka Modrić,Pass (Live),Dani Ceballos,Pass (Live),
2024-05-04,La Liga,Rodada 34,Casa,Jude Bellingham,Cádiz,Não,Perna Direita,8,68,1-0,Jeremías Ledesma,Brahim Díaz,Brahim Díaz,Pass (Live),Luka Modrić,Pass (Live),
2024-05-04,La Liga,Rodada 34,Casa,Joselu,Cádiz,Sim,Perna Direita,8,90+3,2-0,Jeremías Ledesma,Nacho,Nacho,Pass (Live),Nacho,Take-On,
2024-05-08,Champions League,Semi-Finais,Casa,Joselu,Bayern Munich,Não,Perna Direita,3,88,0-1,Manuel Neuer,,Vinicius Júnior,Chute,,,
2024-05-08,Champions League,Semi-Finais,Casa,Joselu,Bayern Munich,Não,Perna Direita,6,90+1,1-1,Manuel Neuer,Antonio Rüdiger,Antonio Rüdiger,Pass (Live),Nacho,Pass (Live),Volley
2024-05-11,La Liga,Rodada 35,Fora,Fran Garcia,Granada,Sim,Perna Esquerda,9,38,0-0,Augusto Batalla,,Lucas Vázquez,Pass (Live),Éder Militão,Pass (Live),
2024-05-11,La Liga,Rodada 35,Fora,Arda Güler,Granada,Sim,Perna Esquerda,13,45+2,1-0,Augusto Batalla,Fran Garcia,Fran Garcia,Pass (Live),Brahim Díaz,Pass (Live),
2024-05-11,La Liga,Rodada 35,Fora,Brahim Díaz,Granada,Sim,Perna Direita,15,49,2-0,Augusto Batalla,Dani Ceballos,Brahim Díaz,Take-On,Brahim Díaz,Take-On,
2024-05-11,La Liga,Rodada 35,Fora,Brahim Díaz,Granada,Sim,Perna Esquerda,12,58,3-0,Augusto Batalla,Luka Modrić,Luka Modrić,Pass (Live),Arda Güler,Pass (Live),
2024-05-14,La Liga,Rodada 36,Casa,Jude Bellingham,Alavés,Sim,Perna Esquerda,10,10,0-0,Jesús Owono,Toni Kroos,Toni Kroos,Pass (Live),Federico Valverde,Pass (Live),Volley
2024-05-14,La Liga,Rodada 36,Casa,Vinicius Júnior,Alavés,Sim,Perna Direita,7,27,1-0,Jesús Owono,Eduardo Camavinga,Eduardo Camavinga,Pass (Live),Eduardo Camavinga,Take-On,
2024-05-14,La Liga,Rodada 36,Casa,Federico Valverde,Alavés,Sim,Perna Direita,18,45+1,2-0,Jesús Owono,Jude Bellingham,Jude Bellingham,Pass (Live),Rodrygo,Pass (Live),
2024-05-14,La Liga,Rodada 36,Casa,Vinicius Júnior,Alavés,Sim,Perna Direita,12,70,3-0,Jesús Owono,Jude Bellingham,Jude Bellingham,Pass (Live),Federico Valverde,Pass (Live),
2024-05-14,La Liga,Rodada 36,Casa,Arda Güler,Alavés,Não,Perna Esquerda,16,81,4-0,Jesús Owono,,Rodrygo,Chute,,,
2024-05-19,La Liga,Rodada 37,Fora,Arda Güler,Villarreal,Sim,Perna Esquerda,14,14,0-0,Filip Jørgensen,Brahim Díaz,Brahim Díaz,Pass (Live),Joselu,Pass (Live),
2024-05-19,La Liga,Rodada 37,Fora,Joselu,Villarreal,Sim,Cabeça,5,30,1-0,Filip Jørgensen,Lucas Vázquez,Lucas Vázquez,Pass (Live),Luka Modrić,Pass (Live),
2024-05-19,La Liga,Rodada 37,Fora,Lucas Vázquez,Villarreal,Sim,Perna Esquerda,12,40,2-1,Filip Jørgensen,Brahim Díaz,Brahim Díaz,Pass (Live),Luka Modrić,Pass (Live),
2024-05-19,La Liga,Rodada 37,Fora,Arda Güler,Villarreal,Sim,Perna Esquerda,9,45+2,3-1,Filip Jørgensen,Lucas Vázquez,Lucas Vázquez,Pass (Live),Luka Modrić,Pass (Live),
2024-06-01,Champions League,Final,Fora,Dani Carvajal,Borussia Dortmund,Sim,Cabeça,6,74,0-0,Gregor Kobel,Toni Kroos,Toni Kroos,Pass (Dead),Federico Valverde,Chute,
2024-06-01,Champions League,Final,Fora,Vinicius Júnior,Borussia Dortmund,Sim,Perna Esquerda,12,83,1-0,Gregor Kobel,Jude Bellingham,Jude Bellingham,Pass (Live),,,
2022-08-10,Super Copa da Uefa,Final da Super Copa da UEFA,Casa,David Alaba,Eint Frankfurt,Sim,,,37,,,Casemiro,,,,,
2022-08-10,Super Copa da Uefa,Final da Super Copa da UEFA,Casa,Karim Benzema,Eint Frankfurt,Sim/Capitão,,,65,,,Vinicius Júnior,,,,,
2022-08-14,La Liga,Rodada 1,Fora,Lucas Vázquez,Almería,Sim,Perna Esquerda,9,61,0-1,Fernando,Karim Benzema,Vinicius Júnior,Chute,,,
2022-08-14,La Liga,Rodada 1,Fora,David Alaba,Almería,Não,Perna Esquerda,24,75,1-1,Fernando,,Luka Modrić,Fouled,Federico Valverde,Pass (Live),
2022-08-20,La Liga,Rodada 2,Fora,Karim Benzema,Celta Vigo,Sim/Capitão,Perna Direita,13,14,0-0,Agustín Marchesín,,,Fouled,David Alaba,Chute,
2022-08-20,La Liga,Rodada 2,Fora,Luka Modrić,Celta Vigo,Sim,Perna Direita,25,41,1-1,Agustín Marchesín,David Alaba,David Alaba,Pass (Live),Ferland Mendy,Pass (Live),
2022-08-20,La Liga,Rodada 2,Fora,Vinicius Júnior,Celta Vigo,Sim,Perna Esquerda,12,56,2-1,Agustín Marchesín,Luka Modrić,Vinicius Júnior,Take-On,Luka Modrić,Pass (Live),
2022-08-20,La Liga,Rodada 2,Fora,Federico Valverde,Celta Vigo,Sim,Perna Direita,15,66,3-1,Agustín Marchesín,Vinicius Júnior,Vinicius Júnior,Pass (Live),Aurélien Tchouaméni,Pass (Live),Deflected
2022-08-28,La Liga,Rodada 3,Fora,Vinicius Júnior,Espanyol,Sim,Perna Direita,12,12,0-0,Benjamin Lecomte,Aurélien Tchouaméni,Aurélien Tchouaméni,Pass (Live),Federico Valverde,Pass (Live),
2022-08-28,La Liga,Rodada 3,Fora,Karim Benzema,Espanyol,Sim/Capitão,Perna Direita,4,88,1-1,Benjamin Lecomte,Rodrygo,Rodrygo,Pass (Live),Aurélien Tchouaméni,Pass (Live),Volley
2022-08-28,La Liga,Rodada 3,Fora,Karim Benzema,Espanyol,Sim/Capitão,Perna Direita,22,90+10,2-1,Leandro Cabrera,,Dani Ceballos,Fouled,Éder Militão,Pass (Live),
2022-09-03,La Liga,Rodada 4,Casa,Vinicius Júnior,Real Betis,Sim,Perna Direita,21,9,0-0,Rui Silva,David Alaba,David Alaba,Pass (Live),Luka Modrić,Pass (Live),Volley
2022-09-03,La Liga,Rodada 4,Casa,Rodrygo,Real Betis,Sim,Perna Direita,10,65,1-1,Rui Silva,Federico Valverde,Federico Valverde,Pass (Live),Dani Carvajal,Pass (Live),
2022-09-06,Champions League,Fase de Grupos,Fora,Vinicius Júnior,Celtic,Sim,Perna Direita,11,56,0-0,Joe Hart,Federico Valverde,Federico Valverde,Pass (Live),Federico Valverde,Pass (Live),
2022-09-06,Champions League,Fase de Grupos,Fora,Luka Modrić,Celtic,Sim,Perna Direita,12,60,1-0,Joe Hart,Eden Hazard,Eden Hazard,Pass (Live),Eden Hazard,Take-On,
2022-09-06,Champions League,Fase de Grupos,Fora,Eden Hazard,Celtic,Não,Perna Esquerda,7,77,2-0,Joe Hart,Dani Carvajal,Dani Carvajal,Pass (Live),Toni Kroos,Pass (Live),Volley
2022-09-11,La Liga,Rodada 5,Casa,Federico Valverde,Mallorca,Sim,Perna Esquerda,22,45+3,0-1,Predrag Rajković,Dani Ceballos,Federico Valverde,Take-On,Dani Ceballos,Pass (Live),
2022-09-11,La Liga,Rodada 5,Casa,Vinicius Júnior,Mallorca,Sim,Perna Esquerda,9,72,1-1,Predrag Rajković,Rodrygo,Rodrygo,Pass (Live),Rodrygo,Take-On,
2022-09-11,La Liga,Rodada 5,Casa,Rodrygo,Mallorca,Sim,Perna Direita,9,89,2-1,Predrag Rajković,Dani Carvajal,Rodrygo,Take-On,Rodrygo,Take-On,
2022-09-11,La Liga,Rodada 5,Casa,Antonio Rüdiger,Mallorca,Sim,Perna Esquerda,3,90+3,3-1,Predrag Rajković,Toni Kroos,Toni Kroos,Pass (Dead),Eduardo Camavinga,Fouled,Volley
2022-09-14,Champions League,Fase de Grupos,Casa,Federico Valverde,RB Leipzig,Sim,Perna Esquerda,16,80,0-0,Péter Gulácsi,Vinicius Júnior,Vinicius Júnior,Pass (Live),Rodrygo,Pass (Live),
2022-09-14,Champions League,Fase de Grupos,Casa,Marco Asensio,RB Leipzig,Não,Perna Esquerda,19,90+1,1-0,Péter Gulácsi,Toni Kroos,Toni Kroos,Pass (Dead),Ferland Mendy,Fouled,
2022-09-18,La Liga,Rodada 6,Fora,Rodrygo,Atlético Madrid,Sim,Perna Direita,8,18,0-0,Jan Oblak,Aurélien Tchouaméni,Aurélien Tchouaméni,Pass (Live),Rodrygo,Pass (Live),Volley
2022-09-18,La Liga,Rodada 6,Fora,Federico Valverde,Atlético Madrid,Sim,Perna Direita,4,36,1-0,Jan Oblak,,Vinicius Júnior,Chute,,,
2022-10-02,La Liga,Rodada 7,Casa,Vinicius Júnior,Osasuna,Sim,Perna Direita,31,42,0-0,Sergio Herrera,David Alaba,David Alaba,Pass (Live),Dani Ceballos,Pass (Live),
2022-10-05,Champions League,Fase de Grupos,Casa,Rodrygo,Shakhtar Donetsk,Sim,Perna Direita,21,13,0-0,Anatolii Trubin,,Rodrygo,Take-On,Aurélien Tchouaméni,Pass (Live),
2022-10-05,Champions League,Fase de Grupos,Casa,Vinicius Júnior,Shakhtar Donetsk,Sim,Perna Direita,15,28,1-0,Anatolii Trubin,Rodrygo,Rodrygo,Pass (Live),Karim Benzema,Pass (Live),
2022-10-08,La Liga,Rodada 8,Fora,Éder Militão,Getafe,Sim,Cabeça,3,3,0-0,David Soria,Luka Modrić,Luka Modrić,Pass (Dead),,,Deflected
2022-10-11,Champions League,Fase de Grupos,Fora,Antonio Rüdiger,Shakhtar Donetsk,Sim,Cabeça,11,90+5,0-1,Anatolii Trubin,Toni Kroos,Toni Kroos,Pass (Live),David Alaba,Pass (Dead),
2022-10-16,La Liga,Rodada 9,Casa,Karim Benzema,Barcelona,Sim/Capitão,Perna Esquerda,15,12,0-0,Marc-André ter Stegen,,Vinicius Júnior,Chute,,,Deflected
2022-10-16,La Liga,Rodada 9,Casa,Federico Valverde,Barcelona,Sim,Perna Direita,22,35,1-0,Marc-André ter Stegen,Ferland Mendy,Ferland Mendy,Pass (Live),Aurélien Tchouaméni,Pass (Live),
2022-10-16,La Liga,Rodada 9,Casa,Rodrygo,Barcelona,Não,Perna Direita,13,90+1,2-1,Marc-André ter Stegen,,Rodrygo,Fouled,Federico Valverde,Pass (Live),
2022-10-19,La Liga,Rodada 10,Fora,Federico Valverde,Elche,Sim,Perna Esquerda,23,11,0-0,Édgar Badía,,Vinicius Júnior,Chute,,,
2022-10-19,La Liga,Rodada 10,Fora,Karim Benzema,Elche,Sim/Capitão,Perna Direita,18,75,1-0,Édgar Badía,Rodrygo,Rodrygo,Pass (Live),Karim Benzema,Pass (Live),
2022-10-19,La Liga,Rodada 10,Fora,Marco Asensio,Elche,Não,Perna Direita,11,89,2-0,Édgar Badía,Rodrygo,Rodrygo,Pass (Live),Aurélien Tchouaméni,Pass (Live),Volley
2022-10-22,La Liga,Rodada 11,Casa,Luka Modrić,Sevilla,Sim/Capitão,Perna Direita,3,5,0-0,Yassine Bounou,Vinicius Júnior,Vinicius Júnior,Pass (Live),Vinicius Júnior,Tackle,
2022-10-22,La Liga,Rodada 11,Casa,Lucas Vázquez,Sevilla,Não,Perna Direita,14,79,1-1,Yassine Bounou,Vinicius Júnior,Vinicius Júnior,Pass (Live),Marco Asensio,Pass (Live),
2022-10-22,La Liga,Rodada 11,Casa,Federico Valverde,Sevilla,Sim,Perna Direita,24,81,2-1,Yassine Bounou,Marco Asensio,Marco Asensio,Pass (Live),Rodrygo,Pass (Live),
2022-10-25,Champions League,Fase de Grupos,Fora,Vinicius Júnior,RB Leipzig,Sim,Cabeça,14,44,0-2,Janis Blaswich,Marco Asensio,Marco Asensio,Pass (Live),Lucas Vázquez,Pass (Live),
2022-10-25,Champions League,Fase de Grupos,Fora,Rodrygo,RB Leipzig,Sim,Perna Direita,13,90+3,1-3,Janis Blaswich,,Rodrygo,Fouled,Rodrygo,Take-On,
2022-10-30,La Liga,Rodada 12,Casa,Vinicius Júnior,Girona,Sim,Perna Direita,2,70,0-0,Paulo Gazzaniga,Federico Valverde,Federico Valverde,Pass (Live),,,
2022-11-02,Champions League,Fase de Grupos,Casa,Luka Modrić,Celtic,Sim/Capitão,Perna Direita,13,6,0-0,Joe Hart,,,Fouled,Federico Valverde,Chute,
2022-11-02,Champions League,Fase de Grupos,Casa,Rodrygo,Celtic,Sim,Perna Direita,13,21,1-0,Joe Hart,,,Fouled,Rodrygo,Chute,
2022-11-02,Champions League,Fase de Grupos,Casa,Marco Asensio,Celtic,Sim,Perna Esquerda,15,51,2-0,Joe Hart,Dani Carvajal,,,,,Volley
2022-11-02,Champions League,Fase de Grupos,Casa,Vinicius Júnior,Celtic,Sim,Perna Esquerda,6,61,3-0,Joe Hart,Federico Valverde,Federico Valverde,Pass (Live),Marco Asensio,Pass (Live),Volley
2022-11-02,Champions League,Fase de Grupos,Casa,Federico Valverde,Celtic,Sim,Perna Direita,22,71,4-0,Joe Hart,Lucas Vázquez,Lucas Vázquez,Pass (Live),Marco Asensio,Pass (Live),
2022-11-07,La Liga,Rodada 13,Fora,Luka Modrić,Rayo Vallecano,Sim/Capitão,Perna Direita,13,37,0-1,Stole Dimitrievski,,Marco Asensio,Fouled,Federico Valverde,Pass (Live),
2022-11-07,La Liga,Rodada 13,Fora,Éder Militão,Rayo Vallecano,Sim,Cabeça,5,41,1-1,Stole Dimitrievski,Marco Asensio,Marco Asensio,Pass (Dead),Federico Valverde,Pass (Live),
2022-11-10,La Liga,Rodada 14,Casa,Éder Militão,Cádiz,Sim,Cabeça,10,40,0-0,Jeremías Ledesma,Toni Kroos,Toni Kroos,Pass (Live),Luka Modrić,Pass (Live),
2022-11-10,La Liga,Rodada 14,Casa,Toni Kroos,Cádiz,Sim,Perna Direita,24,70,1-0,Jeremías Ledesma,,Toni Kroos,Pass (Live),Éder Militão,Pass (Live),Volley
2022-12-30,La Liga,Rodada 15,Fora,Karim Benzema,Valladolid,Sim/Capitão,Perna Direita,13,83,0-0,Jordi Masip,,Antonio Rüdiger,Chute,,,
2022-12-30,La Liga,Rodada 15,Fora,Karim Benzema,Valladolid,Sim/Capitão,Perna Direita,11,89,1-0,Jordi Masip,Eduardo Camavinga,Eduardo Camavinga,Pass (Live),Luka Modrić,Pass (Live),
2023-01-03,Copa del Rey,Play-Offs das Oitavas,Fora,Rodrygo,Cacereño,Sim,,,69,,,Dani Ceballos,,,,,
2023-01-07,La Liga,Rodada 16,Fora,Karim Benzema,Villarreal,Sim/Capitão,Perna Direita,13,60,0-1,Pepe Reina,,,Fouled,Vinicius Júnior,Pass (Live),
2023-01-11,Supercopa de España,Semi-Finais,Casa,Karim Benzema,Valencia,Sim/Capitão,,,39,,,,,,,,
2023-01-15,Supercopa de España,Final,Casa,Karim Benzema,Barcelona,Sim/Capitão,,,90+3,,,,,,,,
2023-01-19,Copa del Rey,Oitavas de Finais,Fora,Vinicius Júnior,Villarreal,Sim,,,57,,,Dani Ceballos,,,,,
2023-01-19,Copa del Rey,Oitavas de Finais,Fora,Éder Militão,Villarreal,Sim,,,69,,,,,,,,
2023-01-19,Copa del Rey,Oitavas de Finais,Fora,Dani Ceballos,Villarreal,Não,,,86,,,Marco Asensio,,,,,
2023-01-22,La Liga,Rodada 18,Fora,Karim Benzema,Athletic Club,Sim/Capitão,Perna Esquerda,12,24,0-0,Unai Simón,Marco Asensio,Federico Valverde,Pass (Live),Dani Ceballos,Pass (Live),Volley
2023-01-22,La Liga,Rodada 18,Fora,Toni Kroos,Athletic Club,Não,Perna Direita,20,90,1-0,Unai Simón,Rodrygo,Rodrygo,Pass (Live),Federico Valverde,Pass (Live),
2023-01-26,Copa del Rey,Quartas de Finais,Casa,Rodrygo,Atlético Madrid,Não,,,79,,,Luka Modrić,,,,,
2023-01-26,Copa del Rey,Quartas de Finais,Casa,Karim Benzema,Atlético Madrid,Sim/Capitão,,,104,,,Vinicius Júnior,,,,,
2023-01-26,Copa del Rey,Quartas de Finais,Casa,Vinicius Júnior,Atlético Madrid,Sim,,,120+1,,,Dani Ceballos,,,,,
2023-02-02,La Liga,Rodada 17,Casa,Marco Asensio,Valencia,Sim,Perna Esquerda,24,52,0-0,Giorgi Mamardashvili,Karim Benzema,Karim Benzema,Pass (Live),Vinicius Júnior,Pass (Live),
2023-02-02,La Liga,Rodada 17,Casa,Vinicius Júnior,Valencia,Sim,Perna Direita,13,54,1-0,Giorgi Mamardashvili,Karim Benzema,Karim Benzema,Pass (Live),Eduardo Camavinga,Pass (Live),
2023-02-15,La Liga,Rodada 21,Casa,Marco Asensio,Elche,Sim,Perna Esquerda,17,8,0-0,Édgar Badía,Dani Carvajal,Marco Asensio,Take-On,Marco Asensio,Take-On,
2023-02-15,La Liga,Rodada 21,Casa,Karim Benzema,Elche,Sim/Capitão,Perna Direita,13,31,1-0,Édgar Badía,,,Fouled,Karim Benzema,Chute,
2023-02-15,La Liga,Rodada 21,Casa,Karim Benzema,Elche,Sim/Capitão,Perna Direita,13,45+1,2-0,Édgar Badía,,Rodrygo,Fouled,Karim Benzema,Pass (Live),
2023-02-15,La Liga,Rodada 21,Casa,Luka Modrić,Elche,Não,Perna Direita,18,80,3-0,Édgar Badía,,Rodrygo,Pass (Live),Luka Modrić,Pass (Live),
2023-02-18,La Liga,Rodada 22,Fora,Federico Valverde,Osasuna,Sim,Perna Direita,10,78,0-0,Sergio Herrera,Vinicius Júnior,Vinicius Júnior,Pass (Live),Luka Modrić,Pass (Live),
2023-02-18,La Liga,Rodada 22,Fora,Marco Asensio,Osasuna,Não,Perna Esquerda,12,90+2,1-0,Sergio Herrera,Álvaro Rodríguez,Álvaro Rodríguez,Pass (Live),,,
2023-02-21,Champions League,Oitavas de Finais,Fora,Vinicius Júnior,Liverpool,Sim,Perna Direita,17,21,0-2,Alisson,Karim Benzema,Karim Benzema,Pass (Live),Vinicius Júnior,Pass (Live),
2023-02-21,Champions League,Oitavas de Finais,Fora,Vinicius Júnior,Liverpool,Sim,Perna Direita,14,36,1-2,Alisson,,,,,,
2023-02-21,Champions League,Oitavas de Finais,Fora,Éder Militão,Liverpool,Sim,Cabeça,6,47,2-2,Alisson,Luka Modrić,Luka Modrić,Pass (Dead),Vinicius Júnior,Fouled,
2023-02-21,Champions League,Oitavas de Finais,Fora,Karim Benzema,Liverpool,Sim/Capitão,Perna Esquerda,17,55,3-2,Alisson,Rodrygo,Rodrygo,Pass (Live),Karim Benzema,Pass (Live),Deflected
2023-02-21,Champions League,Oitavas de Finais,Fora,Karim Benzema,Liverpool,Sim/Capitão,Perna Esquerda,13,67,4-2,Alisson,Vinicius Júnior,Karim Benzema,Take-On,Vinicius Júnior,Pass (Live),
2023-02-25,La Liga,Rodada 23,Casa,Álvaro Rodríguez,Atlético Madrid,Não,Cabeça,7,85,0-1,Jan Oblak,Luka Modrić,Luka Modrić,Pass (Dead),Eduardo Camavinga,Chute,
2023-03-11,La Liga,Rodada 25,Casa,Vinicius Júnior,Espanyol,Sim,Perna Direita,16,22,0-1,Fernando Pacheco,Toni Kroos,Toni Kroos,Pass (Live),Federico Valverde,Pass (Live),
2023-03-11,La Liga,Rodada 25,Casa,Éder Militão,Espanyol,Sim,Cabeça,6,39,1-1,Fernando Pacheco,Aurélien Tchouaméni,Aurélien Tchouaméni,Pass (Live),Vinicius Júnior,Pass (Live),
2023-03-11,La Liga,Rodada 25,Casa,Marco Asensio,Espanyol,Não,Perna Esquerda,13,90+3,2-1,Fernando Pacheco,Nacho,Nacho,Pass (Live),Nacho,Take-On,
2023-03-15,Champions League,Oitavas de Finais,Casa,Karim Benzema,Liverpool,Sim/Capitão,Perna Direita,10,79,0-0,Alisson,Vinicius Júnior,Vinicius Júnior,Pass (Live),Eduardo Camavinga,Pass (Live),
2023-03-19,La Liga,Rodada 26,Fora,Ronald Araújo (OG),Barcelona,Sim,,,9,,,,,,,,Own Goal
2023-04-02,La Liga,Rodada 27,Casa,Rodrygo,Valladolid,Sim,Perna Direita,12,22,0-0,Sergio Asenjo,Marco Asensio,Marco Asensio,Pass (Live),Aurélien Tchouaméni,Pass (Live),
2023-04-02,La Liga,Rodada 27,Casa,Karim Benzema,Valladolid,Sim/Capitão,Cabeça,3,29,1-0,Sergio Asenjo,Vinicius Júnior,Vinicius Júnior,Pass (Live),Toni Kroos,Pass (Live),
2023-04-02,La Liga,Rodada 27,Casa,Karim Benzema,Valladolid,Sim/Capitão,Perna Direita,21,32,2-0,Sergio Asenjo,Vinicius Júnior,Vinicius Júnior,Pass (Live),Rodrygo,Pass (Live),
2023-04-02,La Liga,Rodada 27,Casa,Karim Benzema,Valladolid,Sim/Capitão,Perna Direita,4,36,3-0,Sergio Asenjo,Rodrygo,Rodrygo,Pass (Live),Rodrygo,Take-On,Volley
2023-04-02,La Liga,Rodada 27,Casa,Marco Asensio,Valladolid,Sim,Perna Esquerda,16,73,4-0,Sergio Asenjo,Rodrygo,Rodrygo,Pass (Live),Marco Asensio,Pass (Live),
2023-04-02,La Liga,Rodada 27,Casa,Lucas Vázquez,Valladolid,Sim,Perna Direita,16,90+1,5-0,Sergio Asenjo,Eden Hazard,Eden Hazard,Pass (Live),,,
2023-04-05,Copa del Rey,Semi-Finais,Fora,Vinicius Júnior,Barcelona,Sim,,,45+1,,,Karim Benzema,,,,,
2023-04-05,Copa del Rey,Semi-Finais,Fora,Karim Benzema,Barcelona,Sim/Capitão,,,50,,,Luka Modrić,,,,,
2023-04-05,Copa del Rey,Semi-Finais,Fora,Karim Benzema,Barcelona,Sim/Capitão,,,58,,,,,,,,
2023-04-05,Copa del Rey,Semi-Finais,Fora,Karim Benzema,Barcelona,Sim/Capitão,,,80,,,Vinicius Júnior,,,,,
2023-04-08,La Liga,Rodada 28,Casa,Pau Torres (OG),Villarreal,Sim,,,16,,,,,,,,Own Goal
2023-04-08,La Liga,Rodada 28,Casa,Vinicius Júnior,Villarreal,Sim,Perna Direita,10,48,1-1,Pepe Reina,Dani Ceballos,Vinicius Júnior,Take-On,Dani Ceballos,Pass (Live),
2023-04-12,Champions League,Quartas de Finais,Casa,Karim Benzema,Chelsea,Sim/Capitão,Perna Esquerda,2,22,0-0,Kepa Arrizabalaga,Vinicius Júnior,Vinicius Júnior,Chute,,,
2023-04-12,Champions League,Quartas de Finais,Casa,Marco Asensio,Chelsea,Não,Perna Esquerda,21,74,1-0,Kepa Arrizabalaga,Vinicius Júnior,Vinicius Júnior,Pass (Live),Toni Kroos,Pass (Live),
2023-04-15,La Liga,Rodada 29,Fora,Nacho,Cádiz,Sim,Perna Direita,29,72,0-0,David Gil,Aurélien Tchouaméni,Aurélien Tchouaméni,Pass (Live),Dani Ceballos,Pass (Live),
2023-04-15,La Liga,Rodada 29,Fora,Marco Asensio,Cádiz,Sim,Perna Esquerda,16,76,1-0,David Gil,Federico Valverde,Federico Valverde,Pass (Live),Aurélien Tchouaméni,Pass (Live),
2023-04-18,Champions League,Quartas de Finais,Fora,Rodrygo,Chelsea,Sim,Perna Esquerda,6,58,0-0,Kepa Arrizabalaga,Vinicius Júnior,Vinicius Júnior,Pass (Live),Rodrygo,Pass (Live),
2023-04-18,Champions League,Quartas de Finais,Fora,Rodrygo,Chelsea,Sim,Perna Direita,2,80,1-0,Kepa Arrizabalaga,Federico Valverde,Federico Valverde,Pass (Live),Federico Valverde,Take-On,
2023-04-22,La Liga,Rodada 30,Casa,Marco Asensio,Celta Vigo,Sim,Perna Esquerda,15,42,0-0,Iván Villar,Vinicius Júnior,Vinicius Júnior,Pass (Live),Dani Ceballos,Pass (Live),Deflected
2023-04-22,La Liga,Rodada 30,Casa,Éder Militão,Celta Vigo,Sim,Cabeça,8,48,1-0,Iván Villar,Marco Asensio,Marco Asensio,Pass (Dead),Marco Asensio,Pass (Live),
2023-04-25,La Liga,Rodada 31,Fora,Vinicius Júnior,Girona,Sim,Cabeça,4,34,0-2,Paulo Gazzaniga,Marco Asensio,Marco Asensio,Pass (Live),Federico Valverde,Pass (Live),
2023-04-25,La Liga,Rodada 31,Fora,Lucas Vázquez,Girona,Não,Perna Esquerda,8,85,1-4,Paulo Gazzaniga,Vinicius Júnior,Vinicius Júnior,Pass (Live),Vinicius Júnior,Take-On,
2023-04-29,La Liga,Rodada 32,Casa,Karim Benzema,Almería,Sim/Capitão,Perna Esquerda,4,5,0-0,Fernando,Vinicius Júnior,Vinicius Júnior,Pass (Live),Vinicius Júnior,Take-On,
2023-04-29,La Liga,Rodada 32,Casa,Karim Benzema,Almería,Sim/Capitão,Perna Direita,9,17,1-0,Fernando,Rodrygo,Rodrygo,Pass (Live),Rodrygo,Take-On,
2023-04-29,La Liga,Rodada 32,Casa,Karim Benzema,Almería,Sim/Capitão,Perna Direita,13,42,2-0,Fernando,,Lucas Vázquez,Fouled,Karim Benzema,Pass (Live),
2023-04-29,La Liga,Rodada 32,Casa,Rodrygo,Almería,Sim,Perna Direita,25,47,3-1,Fernando,Dani Ceballos,Dani Ceballos,Pass (Live),Eduardo Camavinga,Pass (Live),
2023-05-06,Copa del Rey,Final,Casa,Rodrygo,Osasuna,Sim,,,2,,,Vinicius Júnior,,,,,
2023-05-06,Copa del Rey,Final,Casa,Rodrygo,Osasuna,Sim,,,70,,,,,,,,
2023-05-09,Champions League,Semi-Finais,Casa,Vinicius Júnior,Manchester City,Sim,Perna Direita,27,36,0-0,Ederson,Eduardo Camavinga,Eduardo Camavinga,Pass (Live),Luka Modrić,Pass (Live),
2023-05-13,La Liga,Rodada 34,Casa,Marco Asensio,Getafe,Sim,Perna Esquerda,25,70,0-0,David Soria,Lucas Vázquez,Lucas Vázquez,Pass (Live),Marco Asensio,Pass (Live),Deflected
2023-05-24,La Liga,Rodada 36,Casa,Karim Benzema,Rayo Vallecano,Sim/Capitão,Perna Direita,4,31,0-0,Stole Dimitrievski,Federico Valverde,Karim Benzema,Take-On,Federico Valverde,Pass (Live),Deflected
2023-05-24,La Liga,Rodada 36,Casa,Rodrygo,Rayo Vallecano,Sim,Perna Direita,22,89,1-1,Stole Dimitrievski,Dani Ceballos,Dani Ceballos,Pass (Live),Aurélien Tchouaméni,Pass (Live),
2023-05-27,La Liga,Rodada 37,Fora,Rodrygo,Sevilla,Sim,Perna Direita,30,29,0-1,Yassine Bounou,,Aurélien Tchouaméni,Fouled,Éder Militão,Pass (Live),
2023-05-27,La Liga,Rodada 37,Fora,Rodrygo,Sevilla,Sim,Perna Direita,14,69,1-1,Yassine Bounou,Toni Kroos,Rodrygo,Take-On,Toni Kroos,Pass (Live),
2023-06-04,La Liga,Rodada 38,Casa,Karim Benzema,Athletic Club,Sim/Capitão,Perna Direita,13,72,0-1,Unai Simón,,Éder Militão,Fouled,Rodrygo,Fouled,
2021-08-14,La Liga,Rodada 1,Fora,Karim Benzema,Alavés,Sim/Capitão,Perna Direita,10,48,0-0,Fernando Pacheco,Eden Hazard,Eden Hazard,Pass (Live),Lucas Vázquez,Pass (Live),Volley
2021-08-14,La Liga,Rodada 1,Fora,Nacho,Alavés,Sim,Perna Direita,4,56,1-0,Fernando Pacheco,Luka Modrić,Luka Modrić,Pass (Live),Federico Valverde,Pass (Live),Volley
2021-08-14,La Liga,Rodada 1,Fora,Karim Benzema,Alavés,Sim/Capitão,Perna Direita,4,62,2-0,Fernando Pacheco,,Karim Benzema,Chute,,,
2021-08-14,La Liga,Rodada 1,Fora,Vinicius Júnior,Alavés,Não,Cabeça,5,90+2,3-1,Fernando Pacheco,David Alaba,David Alaba,Pass (Live),Marco Asensio,Pass (Live),
2021-08-22,La Liga,Rodada 2,Fora,Gareth Bale,Levante,Sim,Perna Esquerda,15,5,0-0,Aitor Fernández,Karim Benzema,Karim Benzema,Pass (Live),David Alaba,Pass (Live),
2021-08-22,La Liga,Rodada 2,Fora,Vinicius Júnior,Levante,Não,Perna Esquerda,9,73,1-2,Aitor Fernández,Casemiro,Casemiro,Pass (Live),Dani Carvajal,Pass (Live),
2021-08-22,La Liga,Rodada 2,Fora,Vinicius Júnior,Levante,Não,Perna Direita,13,85,2-3,Aitor Fernández,Karim Benzema,Karim Benzema,Pass (Live),David Alaba,Pass (Live),
2021-08-28,La Liga,Rodada 3,Fora,Dani Carvajal,Real Betis,Sim,Perna Direita,13,61,0-0,Rui Silva,Karim Benzema,Karim Benzema,Pass (Live),Vinicius Júnior,Pass (Live),Volley
2021-09-12,La Liga,Rodada 4,Casa,Karim Benzema,Celta Vigo,Sim/Capitão,Perna Direita,14,24,0-1,Matías Dituro,Federico Valverde,Federico Valverde,Pass (Live),Casemiro,Pass (Live),
2021-09-12,La Liga,Rodada 4,Casa,Karim Benzema,Celta Vigo,Sim/Capitão,Cabeça,8,46,1-2,Matías Dituro,Miguel Gutiérrez,Miguel Gutiérrez,Pass (Live),Federico Valverde,Pass (Live),
2021-09-12,La Liga,Rodada 4,Casa,Vinicius Júnior,Celta Vigo,Sim,Perna Direita,11,54,2-2,Matías Dituro,Karim Benzema,Karim Benzema,Pass (Live),Miguel Gutiérrez,Pass (Live),
2021-09-12,La Liga,Rodada 4,Casa,Eduardo Camavinga,Celta Vigo,Não,Perna Esquerda,5,72,3-2,Matías Dituro,,Luka Modrić,Chute,,,Volley
2021-09-12,La Liga,Rodada 4,Casa,Karim Benzema,Celta Vigo,Sim/Capitão,Perna Direita,13,87,4-2,Matías Dituro,,Vinicius Júnior,Fouled,Karim Benzema,Pass (Live),
2021-09-15,Champions League,Fase de Grupos,Fora,Rodrygo,Internazionale,Não,Perna Esquerda,10,89,0-0,Samir Handanović,Eduardo Camavinga,Eduardo Camavinga,Pass (Live),Federico Valverde,Pass (Live),Volley
2021-09-19,La Liga,Rodada 5,Fora,Vinicius Júnior,Valencia,Sim,Perna Direita,17,86,0-1,Giorgi Mamardashvili,Karim Benzema,Karim Benzema,Pass (Live),Rodrygo,Pass (Live),Deflected
2021-09-19,La Liga,Rodada 5,Fora,Karim Benzema,Valencia,Sim/Capitão,Outros,7,88,1-1,Giorgi Mamardashvili,Vinicius Júnior,Vinicius Júnior,Pass (Live),Nacho,Pass (Live),
2021-09-22,La Liga,Rodada 6,Casa,Karim Benzema,Mallorca,Sim/Capitão,Perna Direita,15,3,0-0,Manolo Reina,,,,,,
2021-09-22,La Liga,Rodada 6,Casa,Marco Asensio,Mallorca,Sim,Perna Esquerda,4,24,1-0,Manolo Reina,,Vinicius Júnior,Pass (Live),David Alaba,Pass (Live),Volley
2021-09-22,La Liga,Rodada 6,Casa,Marco Asensio,Mallorca,Sim,Perna Esquerda,10,29,2-1,Manolo Reina,Karim Benzema,Karim Benzema,Pass (Live),Éder Militão,Pass (Live),
2021-09-22,La Liga,Rodada 6,Casa,Marco Asensio,Mallorca,Sim,Perna Esquerda,24,55,3-1,Manolo Reina,Karim Benzema,Karim Benzema,Pass (Live),Rodrygo,Pass (Live),
2021-09-22,La Liga,Rodada 6,Casa,Karim Benzema,Mallorca,Sim/Capitão,Perna Direita,12,78,4-1,Manolo Reina,David Alaba,David Alaba,Pass (Live),Antonio Blanco,Pass (Live),Deflected
2021-09-22,La Liga,Rodada 6,Casa,Isco,Mallorca,Não,Perna Direita,13,84,5-1,Manolo Reina,Vinicius Júnior,Vinicius Júnior,Pass (Live),David Alaba,Pass (Live),
2021-09-28,Champions League,Fase de Grupos,Casa,Karim Benzema,Sheriff Tiraspol,Sim/Capitão,Perna Direita,13,65,0-1,Giorgos Athanasiadis,,Vinicius Júnior,Fouled,Eduardo Camavinga,Pass (Live),
2021-10-03,La Liga,Rodada 8,Fora,Karim Benzema,Espanyol,Sim/Capitão,Perna Direita,17,71,0-2,Diego López,Luka Jović,Karim Benzema,Take-On,Karim Benzema,Take-On,
2021-10-19,Champions League,Fase de Grupos,Fora,Serhiy Kryvtsov (OG),Shakhtar Donetsk,Sim/Capitão,,,37,0-0,Anatolii Trubin,,,,,,Own Goal
2021-10-19,Champions League,Fase de Grupos,Fora,Vinicius Júnior,Shakhtar Donetsk,Sim,Perna Direita,8,51,1-0,Anatolii Trubin,Luka Modrić,Luka Modrić,Pass (Live),Karim Benzema,Pass (Live),
2021-10-19,Champions League,Fase de Grupos,Fora,Vinicius Júnior,Shakhtar Donetsk,Sim,Perna Esquerda,7,56,2-0,Anatolii Trubin,,Vinicius Júnior,Take-On,Karim Benzema,Pass (Live),
2021-10-19,Champions League,Fase de Grupos,Fora,Rodrygo,Shakhtar Donetsk,Sim,Perna Esquerda,10,65,3-0,Anatolii Trubin,Vinicius Júnior,Vinicius Júnior,Pass (Live),Karim Benzema,Pass (Live),
2021-10-19,Champions League,Fase de Grupos,Fora,Karim Benzema,Shakhtar Donetsk,Sim/Capitão,Perna Direita,13,90+1,4-0,Anatolii Trubin,Marco Asensio,Marco Asensio,Pass (Live),Lucas Vázquez,Pass (Live),
2021-10-24,La Liga,Rodada 10,Fora,David Alaba,Barcelona,Sim,Perna Esquerda,18,32,0-0,Marc-André ter Stegen,Rodrygo,Rodrygo,Pass (Live),Vinicius Júnior,Pass (Live),
2021-10-24,La Liga,Rodada 10,Fora,Lucas Vázquez,Barcelona,Sim,Perna Direita,6,90+3,1-0,Marc-André ter Stegen,,Marco Asensio,Chute,,,
2021-10-30,La Liga,Rodada 12,Fora,Vinicius Júnior,Elche,Sim,Perna Esquerda,13,22,0-0,Kiko Casilla,Mariano,Mariano,Pass (Live),Casemiro,Pass (Live),
2021-10-30,La Liga,Rodada 12,Fora,Vinicius Júnior,Elche,Sim,Perna Direita,7,73,1-0,Kiko Casilla,Luka Modrić,Vinicius Júnior,Take-On,Luka Modrić,Pass (Live),
2021-11-03,Champions League,Fase de Grupos,Casa,Karim Benzema,Shakhtar Donetsk,Sim/Capitão,Perna Direita,8,14,0-0,Anatolii Trubin,Vinicius Júnior,Vinicius Júnior,Pass (Live),,,
2021-11-03,Champions League,Fase de Grupos,Casa,Karim Benzema,Shakhtar Donetsk,Sim/Capitão,Perna Direita,13,61,1-1,Anatolii Trubin,Vinicius Júnior,Vinicius Júnior,Pass (Live),Casemiro,Pass (Live),
2021-11-06,La Liga,Rodada 13,Casa,Toni Kroos,Rayo Vallecano,Sim,Perna Direita,16,14,0-0,Stole Dimitrievski,,Marco Asensio,Take-On,Vinicius Júnior,Pass (Live),
2021-11-06,La Liga,Rodada 13,Casa,Karim Benzema,Rayo Vallecano,Sim/Capitão,Perna Direita,6,38,1-0,Stole Dimitrievski,David Alaba,David Alaba,Pass (Live),Casemiro,Pass (Live),
2021-11-21,La Liga,Rodada 14,Fora,Marco Asensio,Granada,Sim,Perna Direita,10,19,0-0,Luís Maximiano,Toni Kroos,Toni Kroos,Pass (Live),Vinicius Júnior,Tackle,
2021-11-21,La Liga,Rodada 14,Fora,Nacho,Granada,Sim,Perna Direita,5,25,1-0,Luís Maximiano,Toni Kroos,Toni Kroos,Pass (Live),Luka Modrić,Pass (Live),
2021-11-21,La Liga,Rodada 14,Fora,Vinicius Júnior,Granada,Sim,Perna Direita,5,56,2-1,Luís Maximiano,Luka Modrić,Luka Modrić,Pass (Live),Karim Benzema,Pass (Live),
2021-11-21,La Liga,Rodada 14,Fora,Ferland Mendy,Granada,Sim,Perna Direita,14,76,3-1,Luís Maximiano,Casemiro,Casemiro,Pass (Live),Nacho,Pass (Live),
2021-11-24,Champions League,Fase de Grupos,Fora,David Alaba,Sheriff Tiraspol,Sim,Perna Esquerda,21,30,0-0,Giorgos Athanasiadis,,Casemiro,Fouled,,,Deflected
2021-11-24,Champions League,Fase de Grupos,Fora,Toni Kroos,Sheriff Tiraspol,Sim,Perna Direita,21,45+1,1-0,Giorgos Athanasiadis,Rodrygo,Rodrygo,Pass (Live),Vinicius Júnior,Pass (Live),
2021-11-24,Champions League,Fase de Grupos,Fora,Karim Benzema,Sheriff Tiraspol,Sim/Capitão,Perna Direita,20,55,2-0,Giorgos Athanasiadis,Ferland Mendy,Ferland Mendy,Pass (Live),Toni Kroos,Pass (Live),
2021-11-28,La Liga,Rodada 15,Casa,Karim Benzema,Sevilla,Sim/Capitão,Perna Esquerda,4,32,0-1,Yassine Bounou,,Éder Militão,Chute,,,
2021-11-28,La Liga,Rodada 15,Casa,Vinicius Júnior,Sevilla,Sim,Perna Direita,25,87,1-1,Yassine Bounou,Éder Militão,Vinicius Júnior,Take-On,Éder Militão,Pass (Live),
2021-12-01,La Liga,Rodada 9,Casa,Karim Benzema,Athletic Club,Sim/Capitão,Perna Direita,9,40,0-0,Unai Simón,Luka Modrić,Luka Modrić,Chute,,,
2021-12-04,La Liga,Rodada 16,Fora,Vinicius Júnior,Real Sociedad,Sim,Perna Direita,13,47,0-0,Álex Remiro,Luka Jović,Luka Jović,Pass (Live),Vinicius Júnior,Pass (Live),
2021-12-04,La Liga,Rodada 16,Fora,Luka Jović,Real Sociedad,Não,Cabeça,4,57,1-0,Álex Remiro,Casemiro,Casemiro,Chute,,,
2021-12-07,Champions League,Fase de Grupos,Casa,Toni Kroos,Internazionale,Sim,Perna Esquerda,27,17,0-0,Samir Handanović,Rodrygo,Rodrygo,Pass (Live),Luka Modrić,Pass (Live),
2021-12-07,Champions League,Fase de Grupos,Casa,Marco Asensio,Internazionale,Não,Perna Esquerda,20,79,1-0,Samir Handanović,Dani Carvajal,Dani Carvajal,Pass (Live),Luka Modrić,Pass (Live),
2021-12-12,La Liga,Rodada 17,Casa,Karim Benzema,Atlético Madrid,Sim/Capitão,Perna Direita,16,16,0-0,Jan Oblak,Vinicius Júnior,Vinicius Júnior,Pass (Live),Marco Asensio,Pass (Live),Volley
2021-12-12,La Liga,Rodada 17,Casa,Marco Asensio,Atlético Madrid,Sim,Perna Esquerda,16,57,1-0,Jan Oblak,Vinicius Júnior,Vinicius Júnior,Pass (Live),Luka Jović,Pass (Live),
2021-12-22,La Liga,Rodada 21,Fora,Karim Benzema,Athletic Club,Sim/Capitão,Perna Direita,21,4,0-0,Julen Agirrezabala,Toni Kroos,Toni Kroos,Pass (Live),Vinicius Júnior,Pass (Live),
2021-12-22,La Liga,Rodada 21,Fora,Karim Benzema,Athletic Club,Sim/Capitão,Perna Direita,10,7,1-0,Julen Agirrezabala,,,,,,
2022-01-05,Copa del Rey,Play-Offs das Oitavas,Fora,Éder Militão,Alcoyano,Sim,,,39,0-0,José Juan Figueras,,,,,,
2022-01-05,Copa del Rey,Play-Offs das Oitavas,Fora,Marco Asensio,Alcoyano,Não,,,76,1-1,José Juan Figueras,,,,,,
2022-01-05,Copa del Rey,Play-Offs das Oitavas,Fora,José Juan Figueras (OG),Alcoyano,Sim,,,78,2-1,José Juan Figueras,,,,,,Own Goal
2022-01-08,La Liga,Rodada 20,Casa,Karim Benzema,Valencia,Sim/Capitão,Perna Direita,13,43,0-0,Jasper Cillessen,,Casemiro,Fouled,Casemiro,Interception,
2022-01-08,La Liga,Rodada 20,Casa,Vinicius Júnior,Valencia,Sim,Perna Direita,10,52,1-0,Jasper Cillessen,,Vinicius Júnior,Take-On,Vinicius Júnior,Take-On,
2022-01-08,La Liga,Rodada 20,Casa,Vinicius Júnior,Valencia,Sim,Cabeça,2,61,2-0,Jasper Cillessen,,Marco Asensio,Chute,,,
2022-01-08,La Liga,Rodada 20,Casa,Karim Benzema,Valencia,Sim/Capitão,Perna Direita,14,88,3-1,Jasper Cillessen,Ferland Mendy,Karim Benzema,Take-On,Ferland Mendy,Pass (Live),
2022-01-12,Supercopa de España,Semi-Finais,Fora,Vinicius Júnior,Barcelona,Sim,,,25,0-0,Marc-André ter Stegen,Karim Benzema,,,,,
2022-01-12,Supercopa de España,Semi-Finais,Fora,Karim Benzema,Barcelona,Sim/Capitão,,,72,1-1,Marc-André ter Stegen,,,,,,
2022-01-12,Supercopa de España,Semi-Finais,Fora,Federico Valverde,Barcelona,Não,,,98,2-2,Marc-André ter Stegen,Rodrygo,,,,,
2022-01-16,Supercopa de España,Final,Fora,Luka Modrić,Athletic Club,Sim,,,38,0-0,Unai Simón,Rodrygo,,,,,
2022-01-16,Supercopa de España,Final,Fora,Karim Benzema,Athletic Club,Sim/Capitão,,,52,1-0,Unai Simón,,,,,,
2022-01-20,Copa del Rey,Oitavas de Finais,Fora,Isco,Elche,Não,,,108,0-1,Axel Werner,Dani Ceballos,,,,,
2022-01-20,Copa del Rey,Oitavas de Finais,Fora,Eden Hazard,Elche,Não,,,115,1-1,Axel Werner,David Alaba,,,,,
2022-01-23,La Liga,Rodada 22,Casa,Luka Modrić,Elche,Sim,Perna Direita,13,82,0-2,Édgar Badía,,,Fouled,Luka Modrić,Pass (Dead),
2022-01-23,La Liga,Rodada 22,Casa,Éder Militão,Elche,Sim,Cabeça,7,90+2,1-2,Édgar Badía,Vinicius Júnior,Vinicius Júnior,Pass (Live),Isco,Pass (Live),
2022-02-06,La Liga,Rodada 23,Casa,Marco Asensio,Granada,Sim,Perna Esquerda,29,74,0-0,Luís Maximiano,Éder Militão,Éder Militão,Tackle,,,
2022-02-19,La Liga,Rodada 25,Casa,Marco Asensio,Alavés,Sim,Perna Esquerda,23,63,0-0,Fernando Pacheco,Karim Benzema,Karim Benzema,Pass (Live),Federico Valverde,Pass (Live),
2022-02-19,La Liga,Rodada 25,Casa,Vinicius Júnior,Alavés,Sim,Perna Direita,9,80,1-0,Fernando Pacheco,Karim Benzema,Karim Benzema,Pass (Live),Marco Asensio,Pass (Live),
2022-02-19,La Liga,Rodada 25,Casa,Karim Benzema,Alavés,Sim/Capitão,Perna Direita,13,90+1,2-0,Fernando Pacheco,,Rodrygo,Fouled,Casemiro,Pass (Live),
2022-02-26,La Liga,Rodada 26,Fora,Karim Benzema,Rayo Vallecano,Sim/Capitão,Perna Esquerda,8,83,0-0,Luca Zidane,Vinicius Júnior,Vinicius Júnior,Pass (Live),Karim Benzema,Pass (Live),
2022-03-05,La Liga,Rodada 27,Casa,Eduardo Camavinga,Real Sociedad,Sim,Perna Esquerda,32,40,0-1,Álex Remiro,Luka Modrić,Luka Modrić,Pass (Live),Rodrygo,Pass (Live),Deflected
2022-03-05,La Liga,Rodada 27,Casa,Luka Modrić,Real Sociedad,Sim,Perna Esquerda,27,43,1-1,Álex Remiro,Karim Benzema,Karim Benzema,Pass (Live),Dani Carvajal,Pass (Live),
2022-03-05,La Liga,Rodada 27,Casa,Karim Benzema,Real Sociedad,Sim/Capitão,Perna Direita,13,76,2-1,Álex Remiro,,Vinicius Júnior,Fouled,Ferland Mendy,Pass (Live),
2022-03-05,La Liga,Rodada 27,Casa,Marco Asensio,Real Sociedad,Não,Perna Esquerda,9,79,3-1,Álex Remiro,Dani Carvajal,Dani Carvajal,Pass (Live),Dani Carvajal,Take-On,Deflected
2022-03-09,Champions League,Oitavas de Finais,Casa,Karim Benzema,Paris Saint Germain,Sim/Capitão,Perna Direita,9,61,0-1,Gianluigi Donnarumma,Vinicius Júnior,Vinicius Júnior,Pass (Live),,,
2022-03-09,Champions League,Oitavas de Finais,Casa,Karim Benzema,Paris Saint Germain,Sim/Capitão,Perna Direita,10,76,1-1,Gianluigi Donnarumma,Luka Modrić,Luka Modrić,Pass (Live),Vinicius Júnior,Pass (Live),Deflected
2022-03-09,Champions League,Oitavas de Finais,Casa,Karim Benzema,Paris Saint Germain,Sim/Capitão,Perna Direita,16,78,2-1,Gianluigi Donnarumma,,,,,,
2022-03-14,La Liga,Rodada 28,Fora,Vinicius Júnior,Mallorca,Sim,Perna Esquerda,11,55,0-0,Sergio Rico,Karim Benzema,Karim Benzema,Pass (Live),,,
2022-03-14,La Liga,Rodada 28,Fora,Karim Benzema,Mallorca,Sim/Capitão,Perna Direita,13,77,1-0,Sergio Rico,,Vinicius Júnior,Fouled,Karim Benzema,Take-On,
2022-03-14,La Liga,Rodada 28,Fora,Karim Benzema,Mallorca,Sim/Capitão,Cabeça,9,82,2-0,Sergio Rico,Marcelo,Marcelo,Pass (Live),Toni Kroos,Pass (Dead),
2022-04-02,La Liga,Rodada 30,Fora,Karim Benzema,Celta Vigo,Sim/Capitão,Perna Direita,13,19,0-0,Matías Dituro,,Éder Militão,Fouled,Vinicius Júnior,Chute,
2022-04-02,La Liga,Rodada 30,Fora,Karim Benzema,Celta Vigo,Sim/Capitão,Perna Direita,13,69,1-1,Matías Dituro,,Ferland Mendy,Fouled,Casemiro,Pass (Live),
2022-04-06,Champions League,Quartas de Finais,Fora,Karim Benzema,Chelsea,Sim/Capitão,Cabeça,15,21,0-0,Edouard Mendy,Vinicius Júnior,Vinicius Júnior,Pass (Live),Karim Benzema,Pass (Live),
2022-04-06,Champions League,Quartas de Finais,Fora,Karim Benzema,Chelsea,Sim/Capitão,Cabeça,8,24,1-0,Edouard Mendy,Luka Modrić,Luka Modrić,Pass (Live),Federico Valverde,Pass (Live),
2022-04-06,Champions League,Quartas de Finais,Fora,Karim Benzema,Chelsea,Sim/Capitão,Perna Direita,31,46,2-1,Edouard Mendy,,,,,,
2022-04-09,La Liga,Rodada 31,Casa,Casemiro,Getafe,Sim,Cabeça,4,38,0-0,David Soria,Vinicius Júnior,Vinicius Júnior,Pass (Live),Eduardo Camavinga,Pass (Live),
2022-04-09,La Liga,Rodada 31,Casa,Lucas Vázquez,Getafe,Sim,Perna Esquerda,10,68,1-0,David Soria,Rodrygo,Rodrygo,Pass (Live),Lucas Vázquez,Pass (Live),
2022-04-12,Champions League,Quartas de Finais,Casa,Rodrygo,Chelsea,Não,Perna Direita,10,80,0-3,Edouard Mendy,Luka Modrić,Luka Modrić,Pass (Live),Marcelo,Pass (Live),Volley
2022-04-12,Champions League,Quartas de Finais,Casa,Karim Benzema,Chelsea,Sim/Capitão,Cabeça,10,96,1-3,Edouard Mendy,Vinicius Júnior,Vinicius Júnior,Pass (Live),Eduardo Camavinga,Pass (Live),
2022-04-17,La Liga,Rodada 32,Fora,Rodrygo,Sevilla,Não,Perna Direita,8,50,0-2,Yassine Bounou,Dani Carvajal,Dani Carvajal,Pass (Live),Vinicius Júnior,Pass (Live),
2022-04-17,La Liga,Rodada 32,Fora,Nacho,Sevilla,Não,Perna Direita,13,82,1-2,Yassine Bounou,Dani Carvajal,Dani Carvajal,Pass (Live),Rodrygo,Fouled,
2022-04-17,La Liga,Rodada 32,Fora,Karim Benzema,Sevilla,Sim/Capitão,Perna Direita,8,90+2,2-2,Yassine Bounou,Rodrygo,Rodrygo,Pass (Live),Rodrygo,Take-On,
2022-04-20,La Liga,Rodada 33,Fora,David Alaba,Osasuna,Sim,Perna Esquerda,5,12,0-0,Sergio Herrera,,David Alaba,Chute,,,Volley
2022-04-20,La Liga,Rodada 33,Fora,Marco Asensio,Osasuna,Sim,Perna Esquerda,5,45,1-1,Sergio Herrera,,Dani Ceballos,Chute,,,
2022-04-20,La Liga,Rodada 33,Fora,Lucas Vázquez,Osasuna,Sim,Perna Esquerda,15,90+6,2-1,Sergio Herrera,Vinicius Júnior,Vinicius Júnior,Pass (Live),Vinicius Júnior,Take-On,
2022-04-26,Champions League,Semi-Finais,Fora,Karim Benzema,Manchester City,Sim/Capitão,Perna Esquerda,15,33,0-2,Ederson,Ferland Mendy,Ferland Mendy,Pass (Live),Karim Benzema,Take-On,Volley
2022-04-26,Champions League,Semi-Finais,Fora,Vinicius Júnior,Manchester City,Sim,Perna Direita,6,55,1-3,Ederson,Ferland Mendy,Ferland Mendy,Pass (Live),Toni Kroos,Pass (Live),
2022-04-26,Champions League,Semi-Finais,Fora,Karim Benzema,Manchester City,Sim/Capitão,Perna Direita,13,82,2-4,Ederson,,,Fouled,Eduardo Camavinga,Fouled,
2022-04-30,La Liga,Rodada 34,Casa,Rodrygo,Espanyol,Sim,Perna Direita,14,33,0-0,Diego López,Marcelo,Marcelo,Pass (Live),Rodrygo,Pass (Live),
2022-04-30,La Liga,Rodada 34,Casa,Rodrygo,Espanyol,Sim,Perna Direita,16,43,1-0,Diego López,,,,,,
2022-04-30,La Liga,Rodada 34,Casa,Marco Asensio,Espanyol,Sim,Perna Direita,14,55,2-0,Diego López,Eduardo Camavinga,Eduardo Camavinga,Pass (Live),,,
2022-04-30,La Liga,Rodada 34,Casa,Karim Benzema,Espanyol,Não,Perna Esquerda,11,81,3-0,Diego López,Vinicius Júnior,Vinicius Júnior,Pass (Live),Isco,Pass (Live),
2022-05-04,Champions League,Semi-Finais,Casa,Rodrygo,Manchester City,Não,Perna Direita,4,90,0-1,Ederson,Karim Benzema,Karim Benzema,Pass (Live),Eduardo Camavinga,Pass (Live),
2022-05-04,Champions League,Semi-Finais,Casa,Rodrygo,Manchester City,Não,Cabeça,10,90+1,1-1,Ederson,Marco Asensio,Marco Asensio,Chute,,,
2022-05-04,Champions League,Semi-Finais,Casa,Karim Benzema,Manchester City,Sim/Capitão,Perna Direita,13,95,2-1,Ederson,,Karim Benzema,Fouled,Rodrygo,Pass (Live),
2022-05-12,La Liga,Rodada 36,Casa,Ferland Mendy,Levante,Sim,Perna Esquerda,14,13,0-0,Dani Cárdenas,Luka Modrić,Luka Modrić,Pass (Live),Karim Benzema,Pass (Live),
2022-05-12,La Liga,Rodada 36,Casa,Karim Benzema,Levante,Sim/Capitão,Cabeça,5,19,1-0,Dani Cárdenas,Vinicius Júnior,Vinicius Júnior,Pass (Live),Ferland Mendy,Pass (Live),
2022-05-12,La Liga,Rodada 36,Casa,Rodrygo,Levante,Sim,Perna Direita,3,34,2-0,Dani Cárdenas,Luka Modrić,Luka Modrić,Pass (Live),Rodrygo,Pass (Live),
2022-05-12,La Liga,Rodada 36,Casa,Vinicius Júnior,Levante,Sim,Perna Direita,9,45,3-0,Dani Cárdenas,Luka Modrić,Luka Modrić,Pass (Live),Vinicius Júnior,Pass (Live),
2022-05-12,La Liga,Rodada 36,Casa,Vinicius Júnior,Levante,Sim,Perna Esquerda,4,68,4-0,Dani Cárdenas,Karim Benzema,Karim Benzema,Pass (Live),Karim Benzema,Take-On,
2022-05-12,La Liga,Rodada 36,Casa,Vinicius Júnior,Levante,Sim,Perna Esquerda,7,83,5-0,Dani Cárdenas,Luka Jović,Luka Jović,Pass (Live),,,
2022-05-15,La Liga,Rodada 37,Fora,Mariano,Cádiz,Sim,Perna Esquerda,4,5,0-0,Jeremías Ledesma,Rodrygo,Rodrygo,Chute,,,
2022-05-28,Champions League,Final,Neutral,Vinicius Júnior,Liverpool,Sim,Perna Direita,5,59,0-0,Alisson,Federico Valverde,Federico Valverde,Chute,,,
2020-09-26,La Liga,Rodada 3,Fora,Federico Valverde,Real Betis,Sim,Perna Direita,4,14,0-0,Joel Robles,Karim Benzema,Karim Benzema,Pass (Live),Dani Carvajal,Pass (Live),
2020-09-26,La Liga,Rodada 3,Fora,Emerson (OG),Real Betis,Sim,,,48,1-2,Joel Robles,,,,,,Own Goal
2020-09-26,La Liga,Rodada 3,Fora,Sergio Ramos,Real Betis,Sim/Capitão,Perna Direita,13,82,2-2,Joel Robles,,,Fouled,Dani Carvajal,Pass (Live),
2020-09-30,La Liga,Rodada 4,Casa,Vinicius Júnior,Valladolid,Não,Perna Direita,8,65,0-0,Roberto,,,,,,
2020-10-04,La Liga,Rodada 5,Fora,Vinicius Júnior,Levante,Sim,Perna Direita,13,16,0-0,Aitor Fernández,,Karim Benzema,Pass (Live),Vinicius Júnior,Pass (Live),
2020-10-04,La Liga,Rodada 5,Fora,Karim Benzema,Levante,Sim,Perna Direita,13,90+5,1-0,Aitor Fernández,Rodrygo,Karim Benzema,Take-On,Rodrygo,Pass (Live),
2020-10-21,Champions League,Fase de Grupos,Casa,Luka Modrić,Shakhtar Donetsk,Sim,Perna Direita,30,54,0-3,Anatolii Trubin,Marcelo,Luka Modrić,Take-On,Marcelo,Pass (Live),
2020-10-21,Champions League,Fase de Grupos,Casa,Vinicius Júnior,Shakhtar Donetsk,Não,Perna Direita,15,59,1-3,Anatolii Trubin,,Vinicius Júnior,Tackle,,,
2020-10-24,La Liga,Rodada 7,Fora,Federico Valverde,Barcelona,Sim,Perna Direita,11,5,0-0,Neto,Karim Benzema,Karim Benzema,Pass (Live),Nacho,Pass (Live),
2020-10-24,La Liga,Rodada 7,Fora,Sergio Ramos,Barcelona,Sim/Capitão,Perna Direita,13,63,1-1,Neto,,Sergio Ramos,Fouled,,Fouled,
2020-10-24,La Liga,Rodada 7,Fora,Luka Modrić,Barcelona,Não,Perna Direita,15,90,2-1,Neto,Rodrygo,Luka Modrić,Take-On,Rodrygo,Pass (Live),
2020-10-27,Champions League,Fase de Grupos,Fora,Karim Benzema,Borussia Mönchengladbach,Sim,Perna Esquerda,5,87,0-2,Yann Sommer,Casemiro,Casemiro,Pass (Live),Federico Valverde,Pass (Live),Volley
2020-10-27,Champions League,Fase de Grupos,Fora,Casemiro,Borussia Mönchengladbach,Sim,Perna Direita,6,90+3,1-2,Yann Sommer,Sergio Ramos,Sergio Ramos,Pass (Live),Luka Modrić,Pass (Live),
2020-10-31,La Liga,Rodada 8,Casa,Eden Hazard,Huesca,Sim,Perna Esquerda,30,40,0-0,Andrés Fernández,Federico Valverde,Eden Hazard,Take-On,Federico Valverde,Pass (Live),
2020-10-31,La Liga,Rodada 8,Casa,Karim Benzema,Huesca,Sim,Perna Esquerda,7,45,1-0,Andrés Fernández,Lucas Vázquez,Lucas Vázquez,Pass (Live),Marco Asensio,Pass (Live),
2020-10-31,La Liga,Rodada 8,Casa,Federico Valverde,Huesca,Sim,Perna Direita,15,54,2-0,Andrés Fernández,Karim Benzema,Karim Benzema,Pass (Live),,,
2020-10-31,La Liga,Rodada 8,Casa,Karim Benzema,Huesca,Sim,Cabeça,5,90,3-1,Andrés Fernández,Rodrygo,Rodrygo,Pass (Live),Marcelo,Pass (Live),
2020-11-03,Champions League,Fase de Grupos,Casa,Karim Benzema,Internazionale,Sim,Perna Direita,8,25,0-0,Samir Handanović,,Karim Benzema,Take-On,,,
2020-11-03,Champions League,Fase de Grupos,Casa,Sergio Ramos,Internazionale,Sim/Capitão,Cabeça,7,33,1-0,Samir Handanović,Toni Kroos,Toni Kroos,Pass (Dead),Eden Hazard,Take-On,
2020-11-03,Champions League,Fase de Grupos,Casa,Rodrygo,Internazionale,Não,Perna Direita,16,80,2-2,Samir Handanović,Vinicius Júnior,Vinicius Júnior,Pass (Live),Federico Valverde,Pass (Live),
2020-11-08,La Liga,Rodada 9,Fora,Karim Benzema,Valencia,Sim,Perna Direita,22,23,0-0,Jaume Doménech,Marcelo,Marcelo,Pass (Live),Karim Benzema,Pass (Live),Deflected
2020-11-21,La Liga,Rodada 10,Fora,Mariano,Villarreal,Sim,Cabeça,9,2,0-0,Sergio Asenjo,Dani Carvajal,Dani Carvajal,Pass (Live),Toni Kroos,Pass (Live),
2020-11-25,Champions League,Fase de Grupos,Fora,Eden Hazard,Internazionale,Sim,Perna Direita,13,7,0-0,Samir Handanović,,Nacho,Fouled,Martin Ødegaard,Pass (Live),
2020-11-25,Champions League,Fase de Grupos,Fora,Achraf Hakimi (OG),Internazionale,Sim,,,59,1-0,Samir Handanović,,,,,,Own Goal
2020-11-28,La Liga,Rodada 11,Casa,Casemiro,Alavés,Sim,Perna Direita,3,86,0-2,Fernando Pacheco,,Vinicius Júnior,Chute,,,
2020-12-05,La Liga,Rodada 12,Fora,Yassine Bounou (OG),Sevilla,Sim,,,55,0-0,Yassine Bounou,,,,,,Own Goal
2020-12-09,Champions League,Fase de Grupos,Casa,Karim Benzema,Borussia Mönchengladbach,Sim,Cabeça,9,9,0-0,Yann Sommer,Lucas Vázquez,Lucas Vázquez,Pass (Live),Casemiro,Pass (Live),
2020-12-09,Champions League,Fase de Grupos,Casa,Karim Benzema,Borussia Mönchengladbach,Sim,Cabeça,7,31,1-0,Yann Sommer,Rodrygo,Rodrygo,Pass (Live),Luka Modrić,Pass (Live),
2020-12-12,La Liga,Rodada 13,Casa,Casemiro,Atlético Madrid,Sim,Cabeça,8,15,0-0,Jan Oblak,Toni Kroos,Toni Kroos,Pass (Dead),Luka Modrić,Pass (Live),
2020-12-12,La Liga,Rodada 13,Casa,Jan Oblak (OG),Atlético Madrid,Sim,,,63,1-0,Jan Oblak,,,,,,Own Goal
2020-12-15,La Liga,Rodada 19,Casa,Toni Kroos,Athletic Club,Sim,Perna Direita,27,45+1,0-0,Unai Simón,Vinicius Júnior,Vinicius Júnior,Pass (Live),Federico Valverde,Pass (Live),
2020-12-15,La Liga,Rodada 19,Casa,Karim Benzema,Athletic Club,Sim,Cabeça,11,74,1-1,Unai Simón,Dani Carvajal,Dani Carvajal,Pass (Live),Marco Asensio,Pass (Dead),
2020-12-15,La Liga,Rodada 19,Casa,Karim Benzema,Athletic Club,Sim,Perna Direita,13,90+2,2-1,Unai Simón,Luka Modrić,Luka Modrić,Pass (Live),Isco,Pass (Live),
2020-12-20,La Liga,Rodada 14,Fora,Karim Benzema,Eibar,Sim,Perna Esquerda,8,6,0-0,Marko Dmitrović,Rodrygo,Rodrygo,Pass (Live),Luka Modrić,Pass (Live),
2020-12-20,La Liga,Rodada 14,Fora,Luka Modrić,Eibar,Sim,Perna Direita,17,13,1-0,Marko Dmitrović,Karim Benzema,Karim Benzema,Pass (Live),Karim Benzema,Take-On,
2020-12-20,La Liga,Rodada 14,Fora,Lucas Vázquez,Eibar,Sim,Perna Direita,12,90+2,2-1,Marko Dmitrović,Karim Benzema,Karim Benzema,Pass (Live),Lucas Vázquez,Pass (Live),
2020-12-23,La Liga,Rodada 15,Casa,Casemiro,Granada,Sim,Cabeça,5,57,0-0,Rui Silva,Marco Asensio,Marco Asensio,Pass (Live),Ferland Mendy,Pass (Live),
2020-12-23,La Liga,Rodada 15,Casa,Karim Benzema,Granada,Sim,Perna Esquerda,21,90+3,1-0,Rui Silva,Isco,Isco,Pass (Live),Casemiro,Pass (Live),Deflected
2020-12-30,La Liga,Rodada 16,Fora,Luka Modrić,Elche,Sim,Cabeça,15,20,0-0,Édgar Badía,,Marco Asensio,Chute,,,
2021-01-02,La Liga,Rodada 17,Casa,Lucas Vázquez,Celta Vigo,Sim,Cabeça,5,6,0-0,Rubén Blanco,Marco Asensio,Marco Asensio,Pass (Live),Toni Kroos,Pass (Live),
2021-01-02,La Liga,Rodada 17,Casa,Marco Asensio,Celta Vigo,Sim,Perna Esquerda,15,53,1-0,Rubén Blanco,Lucas Vázquez,Lucas Vázquez,Pass (Live),,,
2021-01-14,Supercopa de España,Semi-Finais,Casa,Karim Benzema,Athletic Club,Sim,,,73,0-2,Unai Simón,,,,,,
2021-01-20,Copa del Rey,Play-Offs das Oitavas,Fora,Éder Militão,Alcoyano,Sim,,,45,0-0,José Juan Figueras,Marcelo,,,,,
2021-01-23,La Liga,Rodada 20,Fora,Casemiro,Alavés,Sim,Cabeça,11,15,0-0,Fernando Pacheco,Toni Kroos,Toni Kroos,Pass (Dead),,,
2021-01-23,La Liga,Rodada 20,Fora,Karim Benzema,Alavés,Sim/Capitão,Perna Direita,17,41,1-0,Fernando Pacheco,Eden Hazard,Eden Hazard,Pass (Live),Lucas Vázquez,Pass (Live),
2021-01-23,La Liga,Rodada 20,Fora,Eden Hazard,Alavés,Sim,Perna Esquerda,14,45+1,2-0,Fernando Pacheco,Toni Kroos,Toni Kroos,Pass (Live),Toni Kroos,Tackle,
2021-01-23,La Liga,Rodada 20,Fora,Karim Benzema,Alavés,Sim/Capitão,Perna Direita,15,70,3-1,Fernando Pacheco,Luka Modrić,Luka Modrić,Pass (Live),Casemiro,Pass (Live),
2021-01-30,La Liga,Rodada 21,Casa,Marco Asensio,Levante,Sim,Perna Direita,13,13,0-0,Aitor Fernández,Toni Kroos,Toni Kroos,Pass (Live),Karim Benzema,Pass (Live),
2021-02-06,La Liga,Rodada 22,Fora,Raphaël Varane,Huesca,Sim,Cabeça,2,55,0-1,Álvaro Fernández,,Karim Benzema,Chute,,,Deflected
2021-02-06,La Liga,Rodada 22,Fora,Raphaël Varane,Huesca,Sim,Perna Esquerda,2,84,1-1,Álvaro Fernández,,Casemiro,Chute,,,
2021-02-09,La Liga,Rodada 1,Casa,Karim Benzema,Getafe,Sim,Cabeça,10,60,0-0,David Soria,Vinicius Júnior,Vinicius Júnior,Pass (Live),Nacho,Pass (Live),
2021-02-09,La Liga,Rodada 1,Casa,Ferland Mendy,Getafe,Sim,Perna Direita,4,66,1-0,David Soria,Marcelo,Marcelo,Pass (Live),Sergio Arribas,Pass (Live),
2021-02-14,La Liga,Rodada 23,Casa,Karim Benzema,Valencia,Sim/Capitão,Perna Direita,24,12,0-0,Jaume Doménech,Toni Kroos,Toni Kroos,Pass (Live),Dani Carvajal,Pass (Live),
2021-02-14,La Liga,Rodada 23,Casa,Toni Kroos,Valencia,Sim,Perna Direita,20,42,1-0,Jaume Doménech,Lucas Vázquez,Lucas Vázquez,Pass (Live),Luka Modrić,Pass (Live),
2021-02-20,La Liga,Rodada 24,Fora,Casemiro,Valladolid,Sim,Cabeça,5,65,0-0,Jordi Masip,Toni Kroos,Toni Kroos,Pass (Dead),Lucas Vázquez,Fouled,
2021-02-24,Champions League,Oitavas de Finais,Fora,Ferland Mendy,Atalanta,Sim,Perna Direita,27,86,0-0,Pierluigi Gollini,Luka Modrić,Luka Modrić,Pass (Live),Toni Kroos,Pass (Dead),
2021-03-01,La Liga,Rodada 25,Casa,Vinicius Júnior,Real Sociedad,Não,Perna Direita,9,89,0-1,Álex Remiro,Lucas Vázquez,Lucas Vázquez,Pass (Live),Federico Valverde,Pass (Live),Deflected
2021-03-07,La Liga,Rodada 26,Fora,Karim Benzema,Atlético Madrid,Sim/Capitão,Perna Direita,11,88,0-1,Jan Oblak,Casemiro,Casemiro,Pass (Live),Karim Benzema,Pass (Live),
2021-03-13,La Liga,Rodada 27,Casa,Karim Benzema,Elche,Sim,Cabeça,5,73,0-1,Édgar Badía,Luka Modrić,Luka Modrić,Pass (Live),Toni Kroos,Pass (Dead),
2021-03-13,La Liga,Rodada 27,Casa,Karim Benzema,Elche,Sim,Perna Esquerda,18,90+1,1-1,Édgar Badía,Rodrygo,Rodrygo,Pass (Live),Karim Benzema,Pass (Live),Volley
2021-03-16,Champions League,Oitavas de Finais,Casa,Karim Benzema,Atalanta,Sim,Perna Direita,15,34,0-0,Marco Sportiello,Luka Modrić,Luka Modrić,Pass (Live),Luka Modrić,Interception,
2021-03-16,Champions League,Oitavas de Finais,Casa,Sergio Ramos,Atalanta,Sim/Capitão,Perna Direita,13,60,1-0,Marco Sportiello,,Vinicius Júnior,Fouled,,,
2021-03-16,Champions League,Oitavas de Finais,Casa,Marco Asensio,Atalanta,Não,Perna Esquerda,10,85,2-1,Marco Sportiello,Lucas Vázquez,Lucas Vázquez,Pass (Live),Rodrygo,Pass (Live),
2021-03-20,La Liga,Rodada 28,Fora,Karim Benzema,Celta Vigo,Sim/Capitão,Perna Direita,12,20,0-0,Iván Villar,Toni Kroos,Toni Kroos,Pass (Live),Lucas Vázquez,Pass (Live),
2021-03-20,La Liga,Rodada 28,Fora,Karim Benzema,Celta Vigo,Sim/Capitão,Perna Esquerda,15,30,1-0,Iván Villar,Toni Kroos,Toni Kroos,Tackle,,,
2021-03-20,La Liga,Rodada 28,Fora,Marco Asensio,Celta Vigo,Não,Perna Direita,2,90+4,2-1,Iván Villar,Karim Benzema,Karim Benzema,Pass (Live),Marco Asensio,Pass (Live),Volley
2021-04-03,La Liga,Rodada 29,Casa,Marco Asensio,Eibar,Sim,Perna Esquerda,20,41,0-0,Marko Dmitrović,Casemiro,Marco Asensio,Take-On,Casemiro,Pass (Live),
2021-04-03,La Liga,Rodada 29,Casa,Karim Benzema,Eibar,Sim,Cabeça,10,73,1-0,Marko Dmitrović,Vinicius Júnior,Vinicius Júnior,Pass (Live),Sergio Arribas,Pass (Live),
2021-04-06,Champions League,Quartas de Finais,Casa,Vinicius Júnior,Liverpool,Sim,Perna Direita,17,27,0-0,Alisson,Toni Kroos,Toni Kroos,Pass (Live),Éder Militão,Pass (Live),
2021-04-06,Champions League,Quartas de Finais,Casa,Marco Asensio,Liverpool,Sim,Perna Esquerda,2,36,1-0,Alisson,,Marco Asensio,Chute,,,Volley
2021-04-06,Champions League,Quartas de Finais,Casa,Vinicius Júnior,Liverpool,Sim,Perna Direita,14,65,2-1,Alisson,Luka Modrić,Luka Modrić,Pass (Live),Karim Benzema,Pass (Live),
2021-04-10,La Liga,Rodada 30,Casa,Karim Benzema,Barcelona,Sim/Capitão,Perna Direita,9,13,0-0,Marc-André ter Stegen,Lucas Vázquez,Lucas Vázquez,Pass (Live),Federico Valverde,Pass (Live),
2021-04-10,La Liga,Rodada 30,Casa,Toni Kroos,Barcelona,Sim,Perna Direita,21,28,1-0,Marc-André ter Stegen,,Vinicius Júnior,Fouled,Vinicius Júnior,Take-On,Deflected
2021-04-21,La Liga,Rodada 31,Fora,Karim Benzema,Cádiz,Sim,Perna Direita,13,30,0-0,Jeremías Ledesma,,Vinicius Júnior,Fouled,Karim Benzema,Pass (Live),
2021-04-21,La Liga,Rodada 31,Fora,Álvaro Odriozola,Cádiz,Sim,Cabeça,4,33,1-0,Jeremías Ledesma,Karim Benzema,Karim Benzema,Pass (Live),Nacho,Pass (Live),
2021-04-21,La Liga,Rodada 31,Fora,Karim Benzema,Cádiz,Sim,Cabeça,4,40,2-0,Jeremías Ledesma,Casemiro,Casemiro,Pass (Live),,,
2021-04-27,Champions League,Semi-Finais,Casa,Karim Benzema,Chelsea,Sim,Perna Direita,9,29,0-1,Edouard Mendy,Éder Militão,Éder Militão,Pass (Live),Casemiro,Pass (Live),Volley
2021-05-01,La Liga,Rodada 34,Casa,Éder Militão,Osasuna,Sim,Cabeça,11,76,0-0,Sergio Herrera,Isco,Isco,Pass (Dead),Éder Militão,Pass (Live),
2021-05-01,La Liga,Rodada 34,Casa,Casemiro,Osasuna,Sim,Perna Direita,17,80,1-0,Sergio Herrera,Karim Benzema,Karim Benzema,Pass (Live),Marco Asensio,Pass (Live),
2021-05-09,La Liga,Rodada 35,Casa,Marco Asensio,Sevilla,Não,Perna Esquerda,12,67,0-1,Yassine Bounou,Toni Kroos,Toni Kroos,Pass (Live),Casemiro,Pass (Live),
2021-05-09,La Liga,Rodada 35,Casa,Eden Hazard,Sevilla,Não,Perna Esquerda,18,90+4,1-2,Yassine Bounou,Toni Kroos,Toni Kroos,Chute,,,
2021-05-13,La Liga,Rodada 36,Fora,Luka Modrić,Granada,Sim,Perna Esquerda,8,17,0-0,Rui Silva,Miguel Gutiérrez,Miguel Gutiérrez,Pass (Live),Nacho,Pass (Live),
2021-05-13,La Liga,Rodada 36,Fora,Rodrygo,Granada,Sim,Perna Direita,14,45+1,1-0,Rui Silva,Marvin,Rodrygo,Take-On,Marvin,Pass (Live),
2021-05-13,La Liga,Rodada 36,Fora,Álvaro Odriozola,Granada,Não,Perna Esquerda,11,75,2-1,Rui Silva,Eden Hazard,Eden Hazard,Pass (Live),Luka Modrić,Pass (Live),Deflected
2021-05-13,La Liga,Rodada 36,Fora,Karim Benzema,Granada,Sim/Capitão,Perna Direita,33,76,3-1,Rui Silva,,Álvaro Odriozola,Pass (Live),Éder Militão,Pass (Live),
2021-05-16,La Liga,Rodada 37,Fora,Nacho,Athletic Club,Sim,Perna Direita,5,68,0-0,Unai Simón,Casemiro,Casemiro,Pass (Live),Rodrygo,Pass (Live),
2021-05-22,La Liga,Rodada 38,Casa,Karim Benzema,Villarreal,Sim/Capitão,Perna Direita,16,87,0-1,Gerónimo Rulli,Rodrygo,Rodrygo,Pass (Live),Rodrygo,Take-On,
2021-05-22,La Liga,Rodada 38,Casa,Luka Modrić,Villarreal,Sim,Perna Esquerda,14,90+2,1-1,Gerónimo Rulli,Karim Benzema,Karim Benzema,Pass (Live),Mariano,Pass (Live),"Deflected, Volley"
2019-08-17,La Liga,Rodada 1,Fora,Karim Benzema,Celta Vigo,Sim,Perna Direita,3,12,0-0,Rubén Blanco,Gareth Bale,Gareth Bale,Pass (Live),Marcelo,Pass (Live),
2019-08-17,La Liga,Rodada 1,Fora,Toni Kroos,Celta Vigo,Sim,Perna Direita,31,61,1-0,Rubén Blanco,Marcelo,Marcelo,Pass (Live),Vinicius Júnior,Pass (Live),
2019-08-17,La Liga,Rodada 1,Fora,Lucas Vázquez,Celta Vigo,Não,Perna Direita,12,80,2-0,Rubén Blanco,Karim Benzema,Karim Benzema,Pass (Live),Karim Benzema,Take-On,
2019-08-24,La Liga,Rodada 2,Casa,Karim Benzema,Valladolid,Sim,Perna Direita,19,82,0-0,Jordi Masip,Raphaël Varane,Raphaël Varane,Pass (Live),Gareth Bale,Pass (Live),
2019-09-01,La Liga,Rodada 3,Fora,Gareth Bale,Villarreal,Sim,Perna Esquerda,6,45+1,0-1,Andrés Fernández,Dani Carvajal,Dani Carvajal,Pass (Live),Luka Jović,Pass (Live),Volley
2019-09-01,La Liga,Rodada 3,Fora,Gareth Bale,Villarreal,Sim,Perna Esquerda,15,86,1-2,Andrés Fernández,Luka Modrić,Luka Modrić,Pass (Live),,,
2019-09-14,La Liga,Rodada 4,Casa,Karim Benzema,Levante,Sim,Cabeça,10,25,0-0,Aitor Fernández,Dani Carvajal,Dani Carvajal,Pass (Live),Lucas Vázquez,Pass (Live),
2019-09-14,La Liga,Rodada 4,Casa,Karim Benzema,Levante,Sim,Perna Esquerda,14,31,1-0,Aitor Fernández,James Rodríguez,James Rodríguez,Pass (Live),,,
2019-09-14,La Liga,Rodada 4,Casa,Casemiro,Levante,Sim,Perna Esquerda,8,40,2-0,Aitor Fernández,Vinicius Júnior,Vinicius Júnior,Pass (Live),Lucas Vázquez,Pass (Live),
2019-09-22,La Liga,Rodada 5,Fora,Karim Benzema,Sevilla,Sim,Cabeça,8,64,0-0,Tomáš Vaclík,Dani Carvajal,Dani Carvajal,Pass (Live),Gareth Bale,Pass (Live),
2019-09-25,La Liga,Rodada 6,Casa,Vinicius Júnior,Osasuna,Sim,Perna Direita,24,36,0-0,Rubén,Toni Kroos,Toni Kroos,Pass (Live),Toni Kroos,Take-On,Deflected
2019-09-25,La Liga,Rodada 6,Casa,Rodrygo,Osasuna,Não,Perna Direita,16,72,1-0,Rubén,Casemiro,Casemiro,Pass (Live),Lucas Vázquez,Pass (Live),
2019-10-01,Champions League,Fase de Grupos,Casa,Sergio Ramos,Club Brugge,Sim/Capitão,Cabeça,5,55,0-2,Simon Mignolet,Karim Benzema,Karim Benzema,Pass (Live),Luka Modrić,Pass (Live),
2019-10-01,Champions League,Fase de Grupos,Casa,Casemiro,Club Brugge,Sim,Cabeça,14,85,1-2,Simon Mignolet,Toni Kroos,Toni Kroos,Pass (Dead),Vinicius Júnior,Fouled,
2019-10-05,La Liga,Rodada 8,Casa,Karim Benzema,Granada,Sim,Perna Esquerda,8,2,0-0,Rui Silva,Gareth Bale,Gareth Bale,Pass (Live),Álvaro Odriozola,Pass (Live),
2019-10-05,La Liga,Rodada 8,Casa,Eden Hazard,Granada,Sim,Perna Direita,17,45+1,1-0,Rui Silva,Federico Valverde,Federico Valverde,Pass (Live),,,
2019-10-05,La Liga,Rodada 8,Casa,Luka Modrić,Granada,Não,Perna Direita,27,61,2-0,Rui Silva,Eden Hazard,Eden Hazard,Pass (Live),Federico Valverde,Take-On,
2019-10-05,La Liga,Rodada 8,Casa,James Rodríguez,Granada,Não,Perna Direita,13,90+2,3-2,Rui Silva,Álvaro Odriozola,Álvaro Odriozola,Pass (Live),Isco,Pass (Live),
2019-10-22,Champions League,Fase de Grupos,Fora,Toni Kroos,Galatasaray,Sim,Perna Direita,17,18,0-0,Fernando Muslera,Eden Hazard,Eden Hazard,Pass (Live),Karim Benzema,Pass (Live),Deflected
2019-10-30,La Liga,Rodada 11,Casa,Rodrygo,Leganés,Sim,Perna Esquerda,5,7,0-0,Juan Soriano,Karim Benzema,Karim Benzema,Pass (Live),Marcelo,Pass (Live),Volley
2019-10-30,La Liga,Rodada 11,Casa,Toni Kroos,Leganés,Sim,Perna Direita,5,8,1-0,Juan Soriano,Karim Benzema,Karim Benzema,Pass (Live),Eden Hazard,Pass (Live),
2019-10-30,La Liga,Rodada 11,Casa,Sergio Ramos,Leganés,Sim/Capitão,Perna Direita,13,24,2-0,Juan Soriano,,Eden Hazard,Fouled,Casemiro,Pass (Live),
2019-10-30,La Liga,Rodada 11,Casa,Karim Benzema,Leganés,Sim,Perna Direita,13,69,3-0,Juan Soriano,,Luka Modrić,Fouled,Marcelo,Pass (Live),
2019-10-30,La Liga,Rodada 11,Casa,Luka Jović,Leganés,Não,Cabeça,7,90+1,4-0,Juan Soriano,Dani Carvajal,Dani Carvajal,Pass (Live),Luka Modrić,Pass (Live),
2019-11-06,Champions League,Fase de Grupos,Casa,Rodrygo,Galatasaray,Sim,Perna Esquerda,14,4,0-0,Fernando Muslera,Marcelo,Marcelo,Pass (Live),Toni Kroos,Pass (Live),
2019-11-06,Champions League,Fase de Grupos,Casa,Rodrygo,Galatasaray,Sim,Cabeça,10,7,1-0,Fernando Muslera,Marcelo,Marcelo,Pass (Live),Toni Kroos,Pass (Live),
2019-11-06,Champions League,Fase de Grupos,Casa,Sergio Ramos,Galatasaray,Sim/Capitão,Perna Direita,13,14,2-0,Fernando Muslera,,Toni Kroos,Fouled,,,
2019-11-06,Champions League,Fase de Grupos,Casa,Karim Benzema,Galatasaray,Sim,Perna Direita,9,45,3-0,Fernando Muslera,Rodrygo,Rodrygo,Pass (Live),Rodrygo,Interception,
2019-11-06,Champions League,Fase de Grupos,Casa,Karim Benzema,Galatasaray,Sim,Perna Esquerda,4,81,4-0,Fernando Muslera,Dani Carvajal,Dani Carvajal,Pass (Live),Luka Modrić,Pass (Live),
2019-11-06,Champions League,Fase de Grupos,Casa,Rodrygo,Galatasaray,Sim,Perna Direita,13,90+2,5-0,Fernando Muslera,Karim Benzema,Karim Benzema,Pass (Live),Rodrygo,Pass (Live),
2019-11-09,La Liga,Rodada 13,Fora,Karim Benzema,Eibar,Sim,Perna Esquerda,11,17,0-0,Marko Dmitrović,,Luka Modrić,Chute,,,
2019-11-09,La Liga,Rodada 13,Fora,Sergio Ramos,Eibar,Sim/Capitão,Perna Direita,13,20,1-0,Marko Dmitrović,,Eden Hazard,Fouled,Federico Valverde,Pass (Live),
2019-11-09,La Liga,Rodada 13,Fora,Karim Benzema,Eibar,Sim,Perna Direita,13,29,2-0,Marko Dmitrović,,Lucas Vázquez,Fouled,Eden Hazard,Pass (Live),
2019-11-09,La Liga,Rodada 13,Fora,Federico Valverde,Eibar,Sim,Perna Direita,21,61,3-0,Marko Dmitrović,Luka Modrić,Luka Modrić,Pass (Live),Ferland Mendy,Pass (Live),
2019-11-23,La Liga,Rodada 14,Casa,Karim Benzema,Real Sociedad,Sim,Outros,7,37,0-1,Álex Remiro,Luka Modrić,Luka Modrić,Pass (Dead),Luka Modrić,Fouled,
2019-11-23,La Liga,Rodada 14,Casa,Federico Valverde,Real Sociedad,Sim,Perna Direita,29,47,1-1,Álex Remiro,Luka Modrić,Luka Modrić,Pass (Live),Eden Hazard,Pass (Live),Deflected
2019-11-23,La Liga,Rodada 14,Casa,Luka Modrić,Real Sociedad,Sim,Perna Esquerda,16,74,2-1,Álex Remiro,Karim Benzema,Karim Benzema,Pass (Live),Gareth Bale,Pass (Live),
2019-11-26,Champions League,Fase de Grupos,Casa,Karim Benzema,Paris Saint Germain,Sim,Perna Direita,7,17,0-0,Keylor Navas,,Isco,Chute,,,
2019-11-26,Champions League,Fase de Grupos,Casa,Karim Benzema,Paris Saint Germain,Sim,Cabeça,6,79,1-0,Keylor Navas,Marcelo,Marcelo,Pass (Live),Isco,Pass (Live),
2019-11-30,La Liga,Rodada 15,Fora,Sergio Ramos,Alavés,Sim/Capitão,Cabeça,10,52,0-0,Fernando Pacheco,Toni Kroos,Toni Kroos,Pass (Dead),Isco,Fouled,
2019-11-30,La Liga,Rodada 15,Fora,Dani Carvajal,Alavés,Sim,Perna Direita,2,69,1-1,Fernando Pacheco,,Isco,Chute,,,Volley
2019-12-07,La Liga,Rodada 16,Casa,Raphaël Varane,Espanyol,Sim,Perna Esquerda,12,37,0-0,Diego López,Karim Benzema,Karim Benzema,Pass (Live),Karim Benzema,Pass (Live),
2019-12-07,La Liga,Rodada 16,Casa,Karim Benzema,Espanyol,Sim,Perna Direita,7,79,1-0,Diego López,Federico Valverde,Federico Valverde,Pass (Live),Dani Carvajal,Pass (Dead),Deflected
2019-12-11,Champions League,Fase de Grupos,Fora,Rodrygo,Club Brugge,Sim,Perna Esquerda,15,53,0-0,Simon Mignolet,Álvaro Odriozola,Luka Modrić,Pass (Live),Raphaël Varane,Pass (Live),Volley
2019-12-11,Champions League,Fase de Grupos,Fora,Vinicius Júnior,Club Brugge,Sim,Perna Direita,8,64,1-1,Simon Mignolet,Rodrygo,Rodrygo,Chute,,,
2019-12-11,Champions League,Fase de Grupos,Fora,Luka Modrić,Club Brugge,Sim,Perna Direita,22,90+1,2-1,Simon Mignolet,Casemiro,Casemiro,Pass (Live),Ferland Mendy,Pass (Live),
2019-12-15,La Liga,Rodada 17,Fora,Karim Benzema,Valencia,Sim,Perna Direita,3,90+5,0-1,Jaume Doménech,,Thibaut Courtois,Chute,,,
2020-01-04,La Liga,Rodada 19,Fora,Raphaël Varane,Getafe,Sim,,,34,0-0,David Soria,Ferland Mendy,,,,,
2020-01-04,La Liga,Rodada 19,Fora,Raphaël Varane,Getafe,Sim,Cabeça,7,53,1-0,David Soria,Toni Kroos,Toni Kroos,Pass (Dead),Isco,Fouled,
2020-01-04,La Liga,Rodada 19,Fora,Luka Modrić,Getafe,Sim,Perna Direita,12,90+6,2-0,David Soria,Federico Valverde,Federico Valverde,Pass (Live),Gareth Bale,Pass (Live),
2020-01-08,Supercopa de España,Semi-Finais,Fora,Toni Kroos,Valencia,Sim,,,15,0-0,Jaume Doménech,,,,,,
2020-01-08,Supercopa de España,Semi-Finais,Fora,Isco,Valencia,Sim,,,39,1-0,Jaume Doménech,,,,,,
2020-01-08,Supercopa de España,Semi-Finais,Fora,Luka Modrić,Valencia,Sim,,,65,2-0,Jaume Doménech,Luka Jović,,,,,
2020-01-18,La Liga,Rodada 20,Casa,Casemiro,Sevilla,Sim,Perna Direita,8,57,0-0,Tomáš Vaclík,Luka Jović,Casemiro,Take-On,Luka Jović,Pass (Live),
2020-01-18,La Liga,Rodada 20,Casa,Casemiro,Sevilla,Sim,Cabeça,10,69,1-1,Tomáš Vaclík,Lucas Vázquez,Lucas Vázquez,Pass (Live),Luka Modrić,Pass (Live),
2020-01-22,Copa del Rey,Play-Offs das Oitavas,Fora,Gareth Bale,Unionistas Sal,Sim,,,18,0-0,Brais Pereiro,,,,,,
2020-01-22,Copa del Rey,Play-Offs das Oitavas,Fora,Juan Góngora (OG),Unionistas Sal,Sim,,,62,1-1,Brais Pereiro,,,,,,Own Goal
2020-01-22,Copa del Rey,Play-Offs das Oitavas,Fora,Brahim Díaz,Unionistas Sal,Não,,,90+2,2-1,Brais Pereiro,Casemiro,,,,,
2020-01-26,La Liga,Rodada 21,Fora,Nacho,Valladolid,Sim,Cabeça,11,78,0-0,Jordi Masip,Toni Kroos,Toni Kroos,Pass (Live),Toni Kroos,Pass (Live),
2020-01-29,Copa del Rey,Oitavas de Finais,Fora,Raphaël Varane,Zaragoza,Sim,,,6,0-0,Álvaro Ratón,Toni Kroos,,,,,
2020-01-29,Copa del Rey,Oitavas de Finais,Fora,Lucas Vázquez,Zaragoza,Sim,,,32,1-0,Álvaro Ratón,Toni Kroos,,,,,
2020-01-29,Copa del Rey,Oitavas de Finais,Fora,Vinicius Júnior,Zaragoza,Sim,,,72,2-0,Álvaro Ratón,James Rodríguez,,,,,
2020-01-29,Copa del Rey,Oitavas de Finais,Fora,Karim Benzema,Zaragoza,Não,,,79,3-0,Álvaro Ratón,Dani Carvajal,,,,,
2020-02-01,La Liga,Rodada 22,Casa,Karim Benzema,Atlético Madrid,Sim,Perna Direita,7,56,0-0,Jan Oblak,Ferland Mendy,Ferland Mendy,Pass (Live),Vinicius Júnior,Pass (Live),Volley
2020-02-06,Copa del Rey,Quartas de Finais,Casa,Marcelo,Real Sociedad,Sim,,,59,0-3,Álex Remiro,Brahim Díaz,,,,,
2020-02-06,Copa del Rey,Quartas de Finais,Casa,Rodrygo,Real Sociedad,Não,,,81,1-4,Álex Remiro,Vinicius Júnior,,,,,
2020-02-06,Copa del Rey,Quartas de Finais,Casa,Nacho,Real Sociedad,Sim,,,90+3,2-4,Álex Remiro,Karim Benzema,,,,,
2020-02-09,La Liga,Rodada 23,Fora,Isco,Osasuna,Sim,Perna Direita,11,33,0-1,Sergio Herrera,,Gareth Bale,Chute,,,Volley
2020-02-09,La Liga,Rodada 23,Fora,Sergio Ramos,Osasuna,Sim/Capitão,Cabeça,3,38,1-1,Sergio Herrera,Casemiro,Casemiro,Pass (Live),Luka Modrić,Pass (Dead),
2020-02-09,La Liga,Rodada 23,Fora,Lucas Vázquez,Osasuna,Não,Perna Direita,12,84,2-1,Sergio Herrera,Karim Benzema,Karim Benzema,Pass (Live),Luka Modrić,Pass (Live),
2020-02-09,La Liga,Rodada 23,Fora,Luka Jović,Osasuna,Não,Perna Esquerda,16,90+2,3-1,Sergio Herrera,Federico Valverde,Federico Valverde,Pass (Live),Luka Modrić,Pass (Live),Volley
2020-02-16,La Liga,Rodada 24,Casa,Toni Kroos,Celta Vigo,Sim,Perna Esquerda,16,52,0-1,Rubén Blanco,Marcelo,Marcelo,Pass (Live),Karim Benzema,Pass (Live),
2020-02-16,La Liga,Rodada 24,Casa,Sergio Ramos,Celta Vigo,Sim/Capitão,Perna Direita,13,65,1-1,Rubén Blanco,,Eden Hazard,Fouled,Karim Benzema,Pass (Live),
2020-02-26,Champions League,Oitavas de Finais,Casa,Isco,Manchester City,Sim,Perna Direita,11,60,0-0,Ederson,Vinicius Júnior,Vinicius Júnior,Pass (Live),,,
2020-03-01,La Liga,Rodada 26,Casa,Vinicius Júnior,Barcelona,Sim,Perna Direita,10,71,0-0,Marc-André ter Stegen,Toni Kroos,Toni Kroos,Pass (Live),Vinicius Júnior,Pass (Live),Deflected
2020-03-01,La Liga,Rodada 26,Casa,Mariano,Barcelona,Não,Perna Direita,8,90+2,1-0,Marc-André ter Stegen,Dani Carvajal,Dani Carvajal,Pass (Dead),,,
2020-03-08,La Liga,Rodada 27,Fora,Karim Benzema,Real Betis,Sim,Perna Direita,13,45+3,0-1,Joel Robles,,Marcelo,Fouled,Karim Benzema,Pass (Live),
2020-06-14,La Liga,Rodada 28,Casa,Toni Kroos,Eibar,Sim,Perna Direita,20,4,0-0,Marko Dmitrović,,Casemiro,Pass (Live),Eden Hazard,Pass (Live),
2020-06-14,La Liga,Rodada 28,Casa,Sergio Ramos,Eibar,Sim/Capitão,Perna Direita,6,30,1-0,Marko Dmitrović,Eden Hazard,Eden Hazard,Pass (Live),Karim Benzema,Pass (Live),
2020-06-14,La Liga,Rodada 28,Casa,Marcelo,Eibar,Sim,Perna Esquerda,15,37,2-0,Marko Dmitrović,,Eden Hazard,Chute,,,
2020-06-18,La Liga,Rodada 29,Casa,Karim Benzema,Valencia,Sim,Perna Direita,14,61,0-0,Jasper Cillessen,Eden Hazard,Eden Hazard,Pass (Live),Luka Modrić,Pass (Live),
2020-06-18,La Liga,Rodada 29,Casa,Marco Asensio,Valencia,Não,Perna Esquerda,10,74,1-0,Jasper Cillessen,Ferland Mendy,Ferland Mendy,Pass (Live),Ferland Mendy,Take-On,Volley
2020-06-18,La Liga,Rodada 29,Casa,Karim Benzema,Valencia,Sim,Perna Esquerda,16,86,2-0,Jasper Cillessen,Marco Asensio,Karim Benzema,Take-On,Marco Asensio,Pass (Live),Volley
2020-06-21,La Liga,Rodada 30,Fora,Sergio Ramos,Real Sociedad,Sim/Capitão,Perna Direita,13,50,0-0,Álex Remiro,,Vinicius Júnior,Fouled,Vinicius Júnior,Take-On,
2020-06-21,La Liga,Rodada 30,Fora,Karim Benzema,Real Sociedad,Sim,Perna Direita,15,70,1-0,Álex Remiro,Federico Valverde,Dani Carvajal,Pass (Live),Federico Valverde,Pass (Live),
2020-06-24,La Liga,Rodada 31,Casa,Vinicius Júnior,Mallorca,Sim,Perna Direita,7,19,0-0,Manolo Reina,Luka Modrić,Luka Modrić,Pass (Live),Federico Valverde,Pass (Live),
2020-06-24,La Liga,Rodada 31,Casa,Sergio Ramos,Mallorca,Sim/Capitão,Perna Direita,25,56,1-0,Manolo Reina,,,Fouled,,,
2020-06-28,La Liga,Rodada 32,Fora,Casemiro,Espanyol,Sim,Perna Esquerda,6,45,0-0,Diego López,Karim Benzema,Karim Benzema,Pass (Live),Sergio Ramos,Pass (Live),
2020-07-02,La Liga,Rodada 33,Casa,Sergio Ramos,Getafe,Sim/Capitão,Perna Direita,13,79,0-0,David Soria,,Dani Carvajal,Fouled,Karim Benzema,Pass (Live),
2020-07-05,La Liga,Rodada 34,Fora,Sergio Ramos,Athletic Club,Sim/Capitão,Perna Direita,13,73,0-0,Unai Simón,,Marcelo,Fouled,Karim Benzema,Pass (Live),
2020-07-10,La Liga,Rodada 35,Casa,Karim Benzema,Alavés,Sim/Capitão,Perna Direita,13,11,0-0,Roberto,,Ferland Mendy,Fouled,Toni Kroos,Pass (Live),
2020-07-10,La Liga,Rodada 35,Casa,Marco Asensio,Alavés,Sim,Perna Esquerda,8,50,1-0,Roberto,Karim Benzema,Karim Benzema,Pass (Live),Rodrygo,Pass (Live),
2020-07-13,La Liga,Rodada 36,Fora,Ferland Mendy,Granada,Sim,Perna Esquerda,10,10,0-0,Rui Silva,Casemiro,Casemiro,Pass (Live),Luka Modrić,Pass (Live),
2020-07-13,La Liga,Rodada 36,Fora,Karim Benzema,Granada,Sim,Perna Direita,10,16,1-0,Rui Silva,Luka Modrić,Luka Modrić,Pass (Live),Isco,Pass (Live),
2020-07-16,La Liga,Rodada 37,Casa,Karim Benzema,Villarreal,Sim,Perna Direita,10,29,0-0,Sergio Asenjo,Luka Modrić,Luka Modrić,Pass (Live),Casemiro,Interception,
2020-07-16,La Liga,Rodada 37,Casa,Karim Benzema,Villarreal,Sim,Perna Direita,13,77,1-0,Sergio Asenjo,,Sergio Ramos,Fouled,,,
2020-07-19,La Liga,Rodada 38,Fora,Sergio Ramos,Leganés,Sim/Capitão,Cabeça,10,9,0-0,Iván Cuéllar,Isco,Isco,Pass (Dead),Ferland Mendy,Fouled,
2020-07-19,La Liga,Rodada 38,Fora,Marco Asensio,Leganés,Sim,Perna Esquerda,13,52,1-1,Iván Cuéllar,Isco,Isco,Pass (Live),,,
2020-08-07,Champions League,Oitavas de Finais,Fora,Karim Benzema,Manchester City,Sim/Capitão,Cabeça,8,28,0-1,Ederson,Rodrygo,Rodrygo,Pass (Live),Rodrygo,Take-On,
2018-08-15,Super Copa da Uefa,Final da Super Copa da UEFA,Neutral,Karim Benzema,Atlético Madrid,Sim,,,27,0-1,Jan Oblak,Gareth Bale,,,,,
2018-08-15,Super Copa da Uefa,Final da Super Copa da UEFA,Neutral,Sergio Ramos,Atlético Madrid,Sim/Capitão,,,63,1-1,Jan Oblak,,,,,,
2018-08-19,La Liga,Rodada 1,Casa,Dani Carvajal,Getafe,Sim,Cabeça,15,20,0-0,David Soria,,Marcelo,Pass (Live),Gareth Bale,Pass (Live),
2018-08-19,La Liga,Rodada 1,Casa,Gareth Bale,Getafe,Sim,Perna Esquerda,10,51,1-0,David Soria,,,,,,
2018-08-26,La Liga,Rodada 2,Fora,Sergio Ramos,Girona,Sim/Capitão,Perna Direita,13,39,0-1,Yassine Bounou,,Marco Asensio,Fouled,Karim Benzema,Chute,
2018-08-26,La Liga,Rodada 2,Fora,Karim Benzema,Girona,Sim,Perna Direita,13,52,1-1,Yassine Bounou,,Marco Asensio,Fouled,Marco Asensio,Pass (Live),
2018-08-26,La Liga,Rodada 2,Fora,Gareth Bale,Girona,Sim,Perna Esquerda,19,59,2-1,Yassine Bounou,Isco,Gareth Bale,Take-On,Isco,Pass (Live),
2018-08-26,La Liga,Rodada 2,Fora,Karim Benzema,Girona,Sim,Perna Direita,7,80,3-1,Yassine Bounou,Gareth Bale,Gareth Bale,Pass (Live),Luka Modrić,Pass (Live),
2018-09-01,La Liga,Rodada 3,Casa,Gareth Bale,Leganés,Sim,Perna Direita,11,17,0-0,Iván Cuéllar,Dani Carvajal,Dani Carvajal,Pass (Live),Sergio Ramos,Pass (Live),Volley
2018-09-01,La Liga,Rodada 3,Casa,Karim Benzema,Leganés,Sim,Cabeça,10,48,1-1,Iván Cuéllar,Marco Asensio,Marco Asensio,Pass (Live),Marcelo,Pass (Live),
2018-09-01,La Liga,Rodada 3,Casa,Karim Benzema,Leganés,Sim,Perna Direita,18,61,2-1,Iván Cuéllar,Luka Modrić,Luka Modrić,Pass (Live),Karim Benzema,Pass (Live),
2018-09-01,La Liga,Rodada 3,Casa,Sergio Ramos,Leganés,Sim/Capitão,Perna Direita,13,66,3-1,Iván Cuéllar,,Marco Asensio,Fouled,Marcelo,Pass (Live),
2018-09-15,La Liga,Rodada 4,Fora,Isco,Athletic Club,Não,Cabeça,7,63,0-1,Unai Simón,Gareth Bale,Gareth Bale,Pass (Live),Toni Kroos,Pass (Live),
2018-09-19,Champions League,Fase de Grupos,Casa,Isco,Roma,Sim,Perna Direita,22,45,0-0,Robin Olsen,,Isco,Fouled,Isco,Pass (Live),
2018-09-19,Champions League,Fase de Grupos,Casa,Gareth Bale,Roma,Sim,Perna Esquerda,16,58,1-0,Robin Olsen,Luka Modrić,Luka Modrić,Pass (Live),Isco,Pass (Live),
2018-09-19,Champions League,Fase de Grupos,Casa,Mariano,Roma,Não,Perna Direita,22,90+1,2-0,Robin Olsen,Marcelo,Marcelo,Pass (Live),Casemiro,Pass (Live),
2018-09-22,La Liga,Rodada 5,Casa,Marco Asensio,Espanyol,Sim,Perna Esquerda,12,41,0-0,Diego López,,Luka Modrić,Chute,,,
2018-10-20,La Liga,Rodada 9,Casa,Marcelo,Levante,Sim,Perna Direita,16,72,0-2,Oier Olazábal,Karim Benzema,Karim Benzema,Pass (Live),Gareth Bale,Pass (Live),
2018-10-23,Champions League,Fase de Grupos,Casa,Karim Benzema,Viktoria Plzeň,Sim,Cabeça,7,11,0-0,Aleš Hruška,Lucas Vázquez,Lucas Vázquez,Pass (Live),Isco,Pass (Live),
2018-10-23,Champions League,Fase de Grupos,Casa,Marcelo,Viktoria Plzeň,Sim,Perna Esquerda,8,55,1-0,Aleš Hruška,Gareth Bale,Gareth Bale,Pass (Live),Federico Valverde,Pass (Live),
2018-10-28,La Liga,Rodada 10,Fora,Marcelo,Barcelona,Sim,Perna Direita,9,50,0-2,Marc-André ter Stegen,,Marcelo,Take-On,,,
2018-10-31,Copa del Rey,Play-Offs das Oitavas,Fora,Karim Benzema,Melilla,Sim,,,28,0-0,Dani Barrio,Álvaro Odriozola,,,,,
2018-10-31,Copa del Rey,Play-Offs das Oitavas,Fora,Marco Asensio,Melilla,Sim,,,45+1,1-0,Dani Barrio,Vinicius Júnior,,,,,
2018-10-31,Copa del Rey,Play-Offs das Oitavas,Fora,Álvaro Odriozola,Melilla,Sim,,,79,2-0,Dani Barrio,Vinicius Júnior,,,,,
2018-10-31,Copa del Rey,Play-Offs das Oitavas,Fora,Cristo González,Melilla,Não,,,90+2,3-0,Dani Barrio,Álvaro Odriozola,,,,,
2018-11-03,La Liga,Rodada 11,Casa,Vinicius Júnior,Valladolid,Não,Perna Direita,15,83,0-0,Jordi Masip,Isco,Isco,Pass (Live),Sergio Reguilón,Pass (Live),Deflected
2018-11-03,La Liga,Rodada 11,Casa,Sergio Ramos,Valladolid,Sim/Capitão,Perna Direita,13,88,1-0,Jordi Masip,,Karim Benzema,Fouled,Vinicius Júnior,Pass (Live),
2018-11-07,Champions League,Fase de Grupos,Fora,Karim Benzema,Viktoria Plzeň,Sim,Perna Direita,12,21,0-0,Aleš Hruška,,Karim Benzema,Take-On,Toni Kroos,Pass (Live),
2018-11-07,Champions League,Fase de Grupos,Fora,Casemiro,Viktoria Plzeň,Sim,Cabeça,10,23,1-0,Aleš Hruška,Toni Kroos,Toni Kroos,Pass (Dead),Toni Kroos,Pass (Dead),
2018-11-07,Champions League,Fase de Grupos,Fora,Karim Benzema,Viktoria Plzeň,Sim,Cabeça,5,37,2-0,Aleš Hruška,Gareth Bale,Gareth Bale,Pass (Live),Dani Ceballos,Pass (Live),
2018-11-07,Champions League,Fase de Grupos,Fora,Gareth Bale,Viktoria Plzeň,Sim,Perna Esquerda,10,40,3-0,Aleš Hruška,Karim Benzema,Karim Benzema,Pass (Live),Sergio Reguilón,Pass (Live),Volley
2018-11-07,Champions League,Fase de Grupos,Fora,Toni Kroos,Viktoria Plzeň,Sim,Perna Direita,13,67,4-0,Aleš Hruška,Vinicius Júnior,Vinicius Júnior,Pass (Live),Nacho,Pass (Live),
2018-11-11,La Liga,Rodada 12,Fora,Karim Benzema,Celta Vigo,Sim,Perna Direita,12,23,0-0,Sergio Álvarez,Luka Modrić,Luka Modrić,Pass (Live),Sergio Ramos,Pass (Live),
2018-11-11,La Liga,Rodada 12,Fora,Gustavo Cabral (OG),Celta Vigo,Sim,,,56,1-0,Sergio Álvarez,,,,,,Own Goal
2018-11-11,La Liga,Rodada 12,Fora,Sergio Ramos,Celta Vigo,Sim/Capitão,Perna Direita,13,83,2-1,Sergio Álvarez,,Álvaro Odriozola,Fouled,Luka Modrić,Pass (Live),
2018-11-11,La Liga,Rodada 12,Fora,Dani Ceballos,Celta Vigo,Não,Perna Direita,27,90+1,3-1,Sergio Álvarez,Sergio Ramos,Sergio Ramos,Pass (Live),Lucas Vázquez,Pass (Live),
2018-11-27,Champions League,Fase de Grupos,Fora,Gareth Bale,Roma,Sim,Perna Esquerda,17,47,0-0,Robin Olsen,,,,,,
2018-11-27,Champions League,Fase de Grupos,Fora,Lucas Vázquez,Roma,Sim,Perna Direita,4,59,1-0,Robin Olsen,Karim Benzema,Karim Benzema,Pass (Live),Gareth Bale,Pass (Live),Volley
2018-12-01,La Liga,Rodada 14,Casa,Daniel Wass (OG),Valencia,Sim,,,8,0-0,Neto,,,,,,Own Goal
2018-12-01,La Liga,Rodada 14,Casa,Lucas Vázquez,Valencia,Sim,Perna Esquerda,10,83,1-0,Neto,Karim Benzema,Karim Benzema,Pass (Live),,,
2018-12-06,Copa del Rey,Play-Offs das Oitavas,Casa,Marco Asensio,Melilla,Sim,,,33,0-0,Pedro Moreno,Dani Carvajal,,,,,
2018-12-06,Copa del Rey,Play-Offs das Oitavas,Casa,Marco Asensio,Melilla,Sim,,,35,1-0,Pedro Moreno,Vinicius Júnior,,,,,
2018-12-06,Copa del Rey,Play-Offs das Oitavas,Casa,Javi Sánchez,Melilla,Sim,,,39,2-0,Pedro Moreno,Marco Asensio,,,,,
2018-12-06,Copa del Rey,Play-Offs das Oitavas,Casa,Isco,Melilla,Sim/Capitão,,,47,3-0,Pedro Moreno,Dani Ceballos,,,,,
2018-12-06,Copa del Rey,Play-Offs das Oitavas,Casa,Vinicius Júnior,Melilla,Sim,,,75,4-0,Pedro Moreno,,,,,,
2018-12-06,Copa del Rey,Play-Offs das Oitavas,Casa,Isco,Melilla,Sim/Capitão,,,83,5-1,Pedro Moreno,Fran Garcia,,,,,
2018-12-09,La Liga,Rodada 15,Fora,Gareth Bale,Huesca,Sim,Perna Esquerda,13,8,0-0,Aleksandar Jovanović,Álvaro Odriozola,Álvaro Odriozola,Pass (Live),Marcos Llorente,Pass (Live),Volley
2018-12-15,La Liga,Rodada 16,Casa,Karim Benzema,Rayo Vallecano,Sim,Perna Direita,8,13,0-0,Stole Dimitrievski,Lucas Vázquez,Lucas Vázquez,Pass (Live),Karim Benzema,Pass (Live),
2019-01-03,La Liga,Rodada 17,Fora,Karim Benzema,Villarreal,Sim,Cabeça,8,7,0-1,Sergio Asenjo,Lucas Vázquez,Lucas Vázquez,Pass (Live),Dani Carvajal,Pass (Live),
2019-01-03,La Liga,Rodada 17,Fora,Raphaël Varane,Villarreal,Sim,Cabeça,10,20,1-1,Sergio Asenjo,Toni Kroos,Toni Kroos,Pass (Dead),Dani Carvajal,Fouled,
2019-01-09,Copa del Rey,Oitavas de Finais,Casa,Sergio Ramos,Leganés,Sim/Capitão,,,44,0-0,Iván Cuéllar,,,,,,
2019-01-09,Copa del Rey,Oitavas de Finais,Casa,Lucas Vázquez,Leganés,Sim,,,68,1-0,Iván Cuéllar,Vinicius Júnior,,,,,
2019-01-09,Copa del Rey,Oitavas de Finais,Casa,Vinicius Júnior,Leganés,Sim,,,77,2-0,Iván Cuéllar,Álvaro Odriozola,,,,,
2019-01-13,La Liga,Rodada 19,Fora,Luka Modrić,Real Betis,Sim,Perna Esquerda,21,13,0-0,Pau López,,Dani Carvajal,Chute,,,
2019-01-13,La Liga,Rodada 19,Fora,Dani Ceballos,Real Betis,Não,Perna Direita,28,88,1-1,Pau López,,Casemiro,Fouled,,,
2019-01-19,La Liga,Rodada 20,Casa,Casemiro,Sevilla,Sim,Perna Direita,34,78,0-0,Tomáš Vaclík,Sergio Reguilón,Sergio Reguilón,Pass (Live),Vinicius Júnior,Pass (Live),
2019-01-19,La Liga,Rodada 20,Casa,Luka Modrić,Sevilla,Sim,Perna Direita,16,90+2,1-0,Tomáš Vaclík,,Luka Modrić,Tackle,,,
2019-01-24,Copa del Rey,Quartas de Finais,Casa,Lucas Vázquez,Girona,Sim,,,18,0-1,Gorka Iraizoz,Álvaro Odriozola,,,,,
2019-01-24,Copa del Rey,Quartas de Finais,Casa,Sergio Ramos,Girona,Sim/Capitão,,,42,1-1,Gorka Iraizoz,,,,,,
2019-01-24,Copa del Rey,Quartas de Finais,Casa,Sergio Ramos,Girona,Sim/Capitão,,,77,2-2,Gorka Iraizoz,Marcelo,,,,,
2019-01-24,Copa del Rey,Quartas de Finais,Casa,Karim Benzema,Girona,Sim,,,80,3-2,Gorka Iraizoz,Vinicius Júnior,,,,,
2019-01-27,La Liga,Rodada 21,Fora,Karim Benzema,Espanyol,Sim,Perna Direita,8,4,0-0,Diego López,,Luka Modrić,Chute,,,
2019-01-27,La Liga,Rodada 21,Fora,Sergio Ramos,Espanyol,Sim/Capitão,Cabeça,9,15,1-0,Diego López,Luka Modrić,Luka Modrić,Pass (Live),Toni Kroos,Pass (Dead),
2019-01-27,La Liga,Rodada 21,Fora,Karim Benzema,Espanyol,Sim,Perna Direita,17,45+1,2-1,Diego López,,,,,,
2019-01-27,La Liga,Rodada 21,Fora,Gareth Bale,Espanyol,Não,Perna Esquerda,13,67,3-1,Diego López,Lucas Vázquez,Gareth Bale,Take-On,Lucas Vázquez,Pass (Live),
2019-01-31,Copa del Rey,Quartas de Finais,Fora,Karim Benzema,Girona,Sim,,,27,0-0,Gorka Iraizoz,Dani Carvajal,,,,,
2019-01-31,Copa del Rey,Quartas de Finais,Fora,Karim Benzema,Girona,Sim,,,43,1-0,Gorka Iraizoz,Vinicius Júnior,,,,,
2019-01-31,Copa del Rey,Quartas de Finais,Fora,Marcos Llorente,Girona,Sim,,,76,2-1,Gorka Iraizoz,Dani Ceballos,,,,,
2019-02-03,La Liga,Rodada 22,Casa,Karim Benzema,Alavés,Sim,Perna Direita,7,30,0-0,Fernando Pacheco,Sergio Reguilón,Sergio Reguilón,Pass (Live),Vinicius Júnior,Pass (Live),
2019-02-03,La Liga,Rodada 22,Casa,Vinicius Júnior,Alavés,Sim,Perna Direita,9,80,1-0,Fernando Pacheco,Marco Asensio,Marco Asensio,Pass (Live),Vinicius Júnior,Pass (Live),
2019-02-03,La Liga,Rodada 22,Casa,Mariano,Alavés,Não,Cabeça,10,90+1,2-0,Fernando Pacheco,Álvaro Odriozola,Álvaro Odriozola,Pass (Live),Isco,Pass (Live),
2019-02-06,Copa del Rey,Semi-Finais,Fora,Lucas Vázquez,Barcelona,Sim,,,6,0-0,Marc-André ter Stegen,Karim Benzema,,,,,
2019-02-09,La Liga,Rodada 23,Fora,Casemiro,Atlético Madrid,Sim,Perna Direita,8,16,0-0,Jan Oblak,,Sergio Ramos,Chute,,,Volley
2019-02-09,La Liga,Rodada 23,Fora,Sergio Ramos,Atlético Madrid,Sim/Capitão,Perna Direita,13,42,1-1,Jan Oblak,,Vinicius Júnior,Fouled,Vinicius Júnior,Take-On,
2019-02-09,La Liga,Rodada 23,Fora,Gareth Bale,Atlético Madrid,Não,Perna Esquerda,13,74,2-1,Jan Oblak,Luka Modrić,Luka Modrić,Pass (Live),Karim Benzema,Pass (Live),
2019-02-13,Champions League,Oitavas de Finais,Fora,Karim Benzema,Ajax,Sim,Perna Direita,13,60,0-0,André Onana,Vinicius Júnior,Vinicius Júnior,Pass (Live),Vinicius Júnior,Take-On,
2019-02-13,Champions League,Oitavas de Finais,Fora,Marco Asensio,Ajax,Não,Perna Esquerda,5,87,1-1,André Onana,Dani Carvajal,Dani Carvajal,Pass (Live),Casemiro,Pass (Live),
2019-02-17,La Liga,Rodada 24,Casa,Casemiro,Girona,Sim,Cabeça,12,25,0-0,Yassine Bounou,Toni Kroos,Toni Kroos,Pass (Live),Karim Benzema,Chute,
2019-02-24,La Liga,Rodada 25,Fora,Karim Benzema,Levante,Sim/Capitão,Perna Direita,13,43,0-0,Aitor Fernández,,,Fouled,Toni Kroos,Pass (Dead),
2019-02-24,La Liga,Rodada 25,Fora,Gareth Bale,Levante,Não,Perna Esquerda,13,78,1-1,Aitor Fernández,,Casemiro,Fouled,Raphaël Varane,Chute,
2019-03-05,Champions League,Oitavas de Finais,Casa,Marco Asensio,Ajax,Não,Perna Esquerda,16,70,0-3,André Onana,Sergio Reguilón,Sergio Reguilón,Pass (Live),Sergio Reguilón,Take-On,
2019-03-10,La Liga,Rodada 27,Fora,Raphaël Varane,Valladolid,Sim,Perna Direita,3,34,0-1,Jordi Masip,Nacho,Casemiro,Chute,,,
2019-03-10,La Liga,Rodada 27,Fora,Karim Benzema,Valladolid,Sim/Capitão,Perna Direita,13,51,1-1,Jordi Masip,,Álvaro Odriozola,Fouled,Dani Ceballos,Pass (Live),
2019-03-10,La Liga,Rodada 27,Fora,Karim Benzema,Valladolid,Sim/Capitão,Cabeça,9,59,2-1,Jordi Masip,Toni Kroos,Toni Kroos,Pass (Dead),Dani Ceballos,Chute,
2019-03-10,La Liga,Rodada 27,Fora,Luka Modrić,Valladolid,Sim,Perna Direita,11,85,3-1,Jordi Masip,Karim Benzema,Luka Modrić,Take-On,Karim Benzema,Pass (Live),
2019-03-16,La Liga,Rodada 28,Casa,Isco,Celta Vigo,Sim,Perna Direita,3,62,0-0,Rubén Blanco,Karim Benzema,Karim Benzema,Pass (Live),Marco Asensio,Pass (Live),
2019-03-16,La Liga,Rodada 28,Casa,Gareth Bale,Celta Vigo,Sim,Perna Direita,16,77,1-0,Rubén Blanco,Marcelo,Marcelo,Pass (Live),Toni Kroos,Pass (Live),
2019-03-31,La Liga,Rodada 29,Casa,Isco,Huesca,Sim,Perna Esquerda,2,25,0-1,Roberto Santamaría,Brahim Díaz,Brahim Díaz,Pass (Live),Karim Benzema,Chute,
2019-03-31,La Liga,Rodada 29,Casa,Dani Ceballos,Huesca,Sim,Perna Direita,1,62,1-1,Roberto Santamaría,Karim Benzema,Karim Benzema,Pass (Live),Gareth Bale,Pass (Live),Volley
2019-03-31,La Liga,Rodada 29,Casa,Karim Benzema,Huesca,Sim,Perna Direita,17,89,2-2,Roberto Santamaría,Marcelo,Marcelo,Pass (Live),Sergio Ramos,Pass (Live),
2019-04-03,La Liga,Rodada 30,Fora,Karim Benzema,Valencia,Sim,Cabeça,7,90+3,0-2,Neto,Luka Modrić,Luka Modrić,Pass (Dead),Gareth Bale,Chute,
2019-04-06,La Liga,Rodada 31,Casa,Karim Benzema,Eibar,Sim/Capitão,Cabeça,8,59,0-1,Marko Dmitrović,Marco Asensio,Marco Asensio,Pass (Live),Álvaro Odriozola,Pass (Live),
2019-04-06,La Liga,Rodada 31,Casa,Karim Benzema,Eibar,Sim/Capitão,Cabeça,10,81,1-1,Marko Dmitrović,Toni Kroos,Toni Kroos,Pass (Live),Marco Asensio,Pass (Live),
2019-04-15,La Liga,Rodada 32,Fora,Karim Benzema,Leganés,Sim,Perna Direita,10,51,0-1,Iván Cuéllar,,Karim Benzema,Chute,,,
2019-04-21,La Liga,Rodada 33,Casa,Karim Benzema,Athletic Club,Sim,Cabeça,9,47,0-0,Iago Herrerín,Marco Asensio,Marco Asensio,Pass (Live),Toni Kroos,Pass (Live),
2019-04-21,La Liga,Rodada 33,Casa,Karim Benzema,Athletic Club,Sim,Cabeça,5,76,1-0,Iago Herrerín,Luka Modrić,Luka Modrić,Pass (Dead),,,
2019-04-21,La Liga,Rodada 33,Casa,Karim Benzema,Athletic Club,Sim,Perna Direita,33,90,2-0,Iago Herrerín,Gareth Bale,Gareth Bale,Pass (Live),Luka Modrić,Pass (Live),
2019-05-05,La Liga,Rodada 36,Casa,Mariano,Villarreal,Sim,Perna Direita,17,2,0-0,Andrés Fernández,,,,,,
2019-05-05,La Liga,Rodada 36,Casa,Jesús Vallejo,Villarreal,Sim,Perna Esquerda,4,40,1-1,Andrés Fernández,,Marcelo,Chute,,,
2019-05-05,La Liga,Rodada 36,Casa,Mariano,Villarreal,Sim,Perna Direita,3,49,2-1,Andrés Fernández,Dani Carvajal,Dani Carvajal,Pass (Live),Federico Valverde,Pass (Live),
2019-05-12,La Liga,Rodada 37,Fora,Brahim Díaz,Real Sociedad,Sim,Perna Direita,8,6,0-0,Gerónimo Rulli,Karim Benzema,Brahim Díaz,Take-On,Brahim Díaz,Take-On,